"area_id","item_id","main_type","mid_type","sub_type","price","price_text","user_url","user_name","item_state","delivery_charge_burden","delivery_method","shipment_date_criterion",
"4","m66706758929","メンズ","靴","スニーカー","2500","¥ 2,500","https://www.mercari.com/jp/u/298322505/","たかたか","目立った傷や汚れなし","送料込み(出品者負担)","らくらくメルカリ便","2~3日で発送",
"4","m52189873210","インテリア・住まい・小物","机/テーブル","こたつ","5000","¥ 5,000","https://www.mercari.com/jp/u/151106601/","みけ","新品、未使用","送料込み(出品者負担)","らくらくメルカリ便","2~3日で発送",
"4","m426121660","エンタメ・ホビー","CD","邦楽","400","¥ 400","https://www.mercari.com/jp/u/130687208/","りさ","目立った傷や汚れなし","送料込み(出品者負担)","らくらくメルカリ便","2~3日で発送",
"4","m27935842423","レディース","ワンピース","ひざ丈ワンピース","2280","¥ 2,280","https://www.mercari.com/jp/u/934614985/","mimi","目立った傷や汚れなし","送料込み(出品者負担)","らくらくメルカリ便","2~3日で発送",
"4","m72258509018","レディース","バッグ","ショルダーバッグ","6999","¥ 6,999","https://www.mercari.com/jp/u/524060456/","Ayu_mama","やや傷や汚れあり","送料込み(出品者負担)","未定","2~3日で発送",
"4","m40700980704","スポーツ・レジャー","その他スポーツ","サッカー/フットサル","2000","¥ 2,000","https://www.mercari.com/jp/u/398506919/","こういち","目立った傷や汚れなし","送料込み(出品者負担)","らくらくメルカリ便","2~3日で発送",
"4","m16773659325","エンタメ・ホビー","おもちゃ/ぬいぐるみ","キャラクターグッズ","1000","¥ 1,000","https://www.mercari.com/jp/u/131501956/","n0n 育児中","新品、未使用","送料込み(出品者負担)","レターパック","2~3日で発送",
"4","m57397697316","エンタメ・ホビー","コミック/アニメグッズ","キーホルダー","3500","¥ 3,500","https://www.mercari.com/jp/u/769555534/","KAZINO","未使用に近い","着払い(購入者負担)","未定","4~7日で発送",
"4","m17992943205","スポーツ・レジャー","その他スポーツ","野球","1000","¥ 1,000","https://www.mercari.com/jp/u/663962863/","りょー","未使用に近い","送料込み(出品者負担)","らくらくメルカリ便","2~3日で発送",
"4","m57762280448","コスメ・香水・美容","スキンケア/基礎化粧品","トライアルセット/サンプル","300","¥ 300","https://www.mercari.com/jp/u/848899642/","ゆあ(リピ割・まとめ買い割引中)","新品、未使用","送料込み(出品者負担)","普通郵便(定形、定形外)","1~2日で発送",
"4","m49061301106","コスメ・香水・美容","香水","香水(女性用)","7777","¥ 7,777","https://www.mercari.com/jp/u/708086292/","☪︎小春","目立った傷や汚れなし","送料込み(出品者負担)","未定","2~3日で発送",
"4","m61210588631","ハンドメイド","アクセサリー(女性用)","チャーム","800","¥ 800","https://www.mercari.com/jp/u/412739815/","ちゅん","新品、未使用","送料込み(出品者負担)","ゆうゆうメルカリ便","2~3日で発送",
"4","m28830100247","レディース","アクセサリー","ネックレス","4999","¥ 4,999","https://www.mercari.com/jp/u/760339604/","KENTO","未使用に近い","送料込み(出品者負担)","らくらくメルカリ便","2~3日で発送",
"4","m43131048850","レディース","パンツ","カジュアルパンツ","555","¥ 555","https://www.mercari.com/jp/u/398449130/","green","目立った傷や汚れなし","送料込み(出品者負担)","未定","4~7日で発送",
"4","m27628675803","レディース","小物","長財布","2500","¥ 2,500","https://www.mercari.com/jp/u/707209713/","Fuji","目立った傷や汚れなし","送料込み(出品者負担)","未定","2~3日で発送",
"4","m51557647412","エンタメ・ホビー","漫画","全巻セット","1500","¥ 1,500","https://www.mercari.com/jp/u/130687208/","りさ","目立った傷や汚れなし","送料込み(出品者負担)","らくらくメルカリ便","4~7日で発送",
"4","m30481929824","自動車・オートバイ","自動車","汎用パーツ","6650","¥ 6,650","https://www.mercari.com/jp/u/718072171/","Takuya Sato","やや傷や汚れあり","着払い(購入者負担)","クロネコヤマト","2~3日で発送",
"4","m71761321309","レディース","靴","スニーカー","4000","¥ 4,000","https://www.mercari.com/jp/u/719838229/","栗ゴン太","新品、未使用","送料込み(出品者負担)","未定","4~7日で発送",
"4","m28509130272","スポーツ・レジャー","スノーボード","ボード","12000","¥ 12,000","https://www.mercari.com/jp/u/540708949/","naru5199","傷や汚れあり","着払い(購入者負担)","クロネコヤマト","4~7日で発送",
"4","m81434082152","メンズ","ジャケット/アウター","ブルゾン","1700","¥ 1,700","https://www.mercari.com/jp/u/391670126/","りり","新品、未使用","送料込み(出品者負担)","らくらくメルカリ便","2~3日で発送",
"4","m57206339938","メンズ","靴","スニーカー","70000","¥ 70,000","https://www.mercari.com/jp/u/232234050/","M.s","未使用に近い","着払い(購入者負担)","未定","1~2日で発送",
"4","m28651565974","ハンドメイド","アクセサリー(女性用)","ピアス","600","¥ 600","https://www.mercari.com/jp/u/764167714/","かりんとう","新品、未使用","送料込み(出品者負担)","普通郵便(定形、定形外)","2~3日で発送",
"4","m33977491526","レディース","ワンピース","ひざ丈ワンピース","700","¥ 700","https://www.mercari.com/jp/u/740255475/","GOHAN","目立った傷や汚れなし","送料込み(出品者負担)","ゆうゆうメルカリ便","4~7日で発送",
"4","m30255736833","レディース","トップス","ニット/セーター","4950","¥ 4,950","https://www.mercari.com/jp/u/877907360/","runrun15a","やや傷や汚れあり","送料込み(出品者負担)","ゆうゆうメルカリ便","2~3日で発送",
"4","m42795510421","エンタメ・ホビー","おもちゃ/ぬいぐるみ","キャラクターグッズ","999","¥ 999","https://www.mercari.com/jp/u/408785049/","mi☆     プロフ必読","新品、未使用","送料込み(出品者負担)","普通郵便(定形、定形外)","1~2日で発送",
"4","m95678588160","レディース","ジャケット/アウター","その他","1100","¥ 1,100","https://www.mercari.com/jp/u/353885262/","せっすん  ２点以上お買上お値下げします","やや傷や汚れあり","送料込み(出品者負担)","らくらくメルカリ便","2~3日で発送",
"4","m77954559529","メンズ","ジャケット/アウター","モッズコート","8000","¥ 8,000","https://www.mercari.com/jp/u/678795108/","ゴルゴ","やや傷や汚れあり","着払い(購入者負担)","クロネコヤマト","4~7日で発送",
"4","m95838750427","エンタメ・ホビー","トレーディングカード","デュエルマスターズ","1222","¥ 1,222","https://www.mercari.com/jp/u/198141530/","きー","目立った傷や汚れなし","送料込み(出品者負担)","未定","4~7日で発送",
"4","m88912991485","エンタメ・ホビー","本","趣味/スポーツ/実用","1500","¥ 1,500","https://www.mercari.com/jp/u/180071779/","カピーチ☺︎","目立った傷や汚れなし","送料込み(出品者負担)","普通郵便(定形、定形外)","2~3日で発送",
"4","m77905553270","レディース","パンツ","その他","1450","¥ 1,450","https://www.mercari.com/jp/u/877907360/","runrun15a","目立った傷や汚れなし","送料込み(出品者負担)","ゆうゆうメルカリ便","2~3日で発送",
"4","m87686490998","レディース","その他","下着","3680","¥ 3,680","https://www.mercari.com/jp/u/719838229/","栗ゴン太","新品、未使用","送料込み(出品者負担)","未定","4~7日で発送",
"4","m72202384879","その他","食料品","菓子","555","¥ 555","https://www.mercari.com/jp/u/290100102/","はなちゃん","新品、未使用","送料込み(出品者負担)","ゆうゆうメルカリ便","2~3日で発送",
"4","m87812562648","ハンドメイド","趣味/おもちゃ","おもちゃ/人形","380","¥ 380","https://www.mercari.com/jp/u/581977003/","ノン","新品、未使用","送料込み(出品者負担)","未定","4~7日で発送",
"4","m30179824523","エンタメ・ホビー","コミック/アニメグッズ","カード","550","¥ 550","https://www.mercari.com/jp/u/996166975/","HAL＊1/24～30発送遅れ気味です＊","未使用に近い","送料込み(出品者負担)","普通郵便(定形、定形外)","4~7日で発送",
"4","m39924402093","コスメ・香水・美容","ヘアケア","シャンプー","1500","¥ 1,500","https://www.mercari.com/jp/u/346222763/","☆姫たん☆","新品、未使用","送料込み(出品者負担)","未定","2~3日で発送",
"4","m80232948441","メンズ","時計","腕時計(アナログ)","11800","¥ 11,800","https://www.mercari.com/jp/u/202602849/","【プロフ必読】時計の杜","新品、未使用","送料込み(出品者負担)","らくらくメルカリ便","1~2日で発送",
"6","m38916540859","レディース","パンツ","ワークパンツ/カーゴパンツ","4500","¥ 4,500","https://www.mercari.com/jp/u/181569590/","テテ","目立った傷や汚れなし","送料込み(出品者負担)","普通郵便(定形、定形外)","2~3日で発送",
"6","m49767737938","メンズ","ジャケット/アウター","ナイロンジャケット","1700","¥ 1,700","https://www.mercari.com/jp/u/499141429/","ゆきちゃん","目立った傷や汚れなし","送料込み(出品者負担)","未定","2~3日で発送",
"6","m19841375513","エンタメ・ホビー","コミック/アニメグッズ","ストラップ","350","¥ 350","https://www.mercari.com/jp/u/731368406/","ナッちゃん","目立った傷や汚れなし","送料込み(出品者負担)","らくらくメルカリ便","2~3日で発送",
"6","m90281478701","エンタメ・ホビー","タレントグッズ","アイドル","1234567","¥ 1,234,567","https://www.mercari.com/jp/u/715159606/","yume","新品、未使用","送料込み(出品者負担)","未定","2~3日で発送",
"6","m87950930977","メンズ","ジャケット/アウター","チェスターコート","5100","¥ 5,100","https://www.mercari.com/jp/u/499141429/","ゆきちゃん","目立った傷や汚れなし","送料込み(出品者負担)","未定","2~3日で発送",
"6","m57738981391","その他","文房具/事務用品","筆記具","1200","¥ 1,200","https://www.mercari.com/jp/u/545217895/","サロンパス","目立った傷や汚れなし","送料込み(出品者負担)","らくらくメルカリ便","2~3日で発送",
"6","m754570975","メンズ","ジャケット/アウター","フライトジャケット","4000","¥ 4,000","https://www.mercari.com/jp/u/540132542/","たまご王子","新品、未使用","送料込み(出品者負担)","未定","2~3日で発送",
"6","m10756027690","自動車・オートバイ","自動車","車内アクセサリー","2300","¥ 2,300","https://www.mercari.com/jp/u/153676385/","Tanning Man","目立った傷や汚れなし","送料込み(出品者負担)","らくらくメルカリ便","4~7日で発送",
"6","m34880528267","レディース","ジャケット/アウター","Gジャン/デニムジャケット","555","¥ 555","https://www.mercari.com/jp/u/550794538/","Sae☆プロフ必読","目立った傷や汚れなし","着払い(購入者負担)","クロネコヤマト","2~3日で発送",
"7","m29062861812","エンタメ・ホビー","タレントグッズ","アイドル","4000","¥ 4,000","https://www.mercari.com/jp/u/462571616/","ミロ","新品、未使用","送料込み(出品者負担)","普通郵便(定形、定形外)","2~3日で発送",
"7","m44153730748","エンタメ・ホビー","漫画","少年","300","¥ 300","https://www.mercari.com/jp/u/279893071/","あゆー","目立った傷や汚れなし","送料込み(出品者負担)","未定","4~7日で発送",
"7","m64416574733","エンタメ・ホビー","おもちゃ/ぬいぐるみ","ぬいぐるみ","560","¥ 560","https://www.mercari.com/jp/u/708900631/","くま","目立った傷や汚れなし","送料込み(出品者負担)","普通郵便(定形、定形外)","2~3日で発送",
"7","m38892016911","エンタメ・ホビー","タレントグッズ","アイドル","3000","¥ 3,000","https://www.mercari.com/jp/u/462571616/","ミロ","新品、未使用","送料込み(出品者負担)","普通郵便(定形、定形外)","2~3日で発送",
"7","m55762652645","エンタメ・ホビー","漫画","全巻セット","800","¥ 800","https://www.mercari.com/jp/u/906489453/","Hiro (//∇//)即購入歓迎です♪","やや傷や汚れあり","送料込み(出品者負担)","未定","2~3日で発送",
"7","m13100275090","レディース","トップス","ニット/セーター","2000","¥ 2,000","https://www.mercari.com/jp/u/254757205/","hika3","目立った傷や汚れなし","送料込み(出品者負担)","未定","4~7日で発送",
"7","m40337257717","メンズ","バッグ","ボストンバッグ","6200","¥ 6,200","https://www.mercari.com/jp/u/127548741/","Sky  High  (プロフ必読♪)","目立った傷や汚れなし","送料込み(出品者負担)","未定","1~2日で発送",
"7","m51394912856","ベビー・キッズ","ベビー服(女の子用)  ~95cm","トップス","1299","¥ 1,299","https://www.mercari.com/jp/u/653454261/","＊SALE＊プロフ必読＿cocoa.","目立った傷や汚れなし","送料込み(出品者負担)","普通郵便(定形、定形外)","2~3日で発送",
"7","m49282687124","レディース","スカート","ミニスカート","1500","¥ 1,500","https://www.mercari.com/jp/u/824712819/","3810","未使用に近い","送料込み(出品者負担)","らくらくメルカリ便","4~7日で発送",
"7","m91443000873","エンタメ・ホビー","タレントグッズ","アイドル","330","¥ 330","https://www.mercari.com/jp/u/971249976/","ぶたうさぎ","目立った傷や汚れなし","送料込み(出品者負担)","普通郵便(定形、定形外)","4~7日で発送",
"7","m84590931839","コスメ・香水・美容","香水","香水(女性用)","1000","¥ 1,000","https://www.mercari.com/jp/u/180184589/","♪ひとりん♪＊購入希望の方コメント必須＊","目立った傷や汚れなし","送料込み(出品者負担)","普通郵便(定形、定形外)","2~3日で発送",
"7","m62716207932","ハンドメイド","日用品/インテリア","アート/写真","980","¥ 980","https://www.mercari.com/jp/u/409129921/","ktpa☆プロフあります♪","新品、未使用","送料込み(出品者負担)","未定","1~2日で発送",
"7","m44951841594","メンズ","靴","スニーカー","10000","¥ 10,000","https://www.mercari.com/jp/u/711470951/","こー","新品、未使用","送料込み(出品者負担)","らくらくメルカリ便","2~3日で発送",
"7","m26521024852","メンズ","トップス","Tシャツ/カットソー(半袖/袖なし)","1400","¥ 1,400","https://www.mercari.com/jp/u/592724349/","txsx","やや傷や汚れあり","送料込み(出品者負担)","ゆうゆうメルカリ便","2~3日で発送",
"7","m44325163238","エンタメ・ホビー","タレントグッズ","アイドル","2500","¥ 2,500","https://www.mercari.com/jp/u/462571616/","ミロ","新品、未使用","送料込み(出品者負担)","普通郵便(定形、定形外)","2~3日で発送",
"7","m49691096033","ハンドメイド","素材/材料","生地/糸","650","¥ 650","https://www.mercari.com/jp/u/264538690/","rice☺︎","新品、未使用","送料込み(出品者負担)","未定","4~7日で発送",
"7","m64963770650","レディース","ワンピース","ひざ丈ワンピース","500","¥ 500","https://www.mercari.com/jp/u/393651744/","みみ","新品、未使用","着払い(購入者負担)","ゆうパック","4~7日で発送",
"7","m85323713785","エンタメ・ホビー","タレントグッズ","アイドル","2300","¥ 2,300","https://www.mercari.com/jp/u/462571616/","ミロ","新品、未使用","送料込み(出品者負担)","普通郵便(定形、定形外)","2~3日で発送",
"7","m29583410949","ハンドメイド","アクセサリー(女性用)","ピアス","399","¥ 399","https://www.mercari.com/jp/u/972264533/","Laulea ラウレア","新品、未使用","送料込み(出品者負担)","普通郵便(定形、定形外)","1~2日で発送",
"7","m87371413579","エンタメ・ホビー","DVD/ブルーレイ","外国映画","300","¥ 300","https://www.mercari.com/jp/u/237466606/","ミルキー店長","やや傷や汚れあり","送料込み(出品者負担)","クロネコヤマト","1~2日で発送",
"7","m88218689574","エンタメ・ホビー","DVD/ブルーレイ","外国映画","1000","¥ 1,000","https://www.mercari.com/jp/u/237466606/","ミルキー店長","やや傷や汚れあり","送料込み(出品者負担)","クロネコヤマト","1~2日で発送",
"7","m53072493057","レディース","その他","コスプレ","5300","¥ 5,300","https://www.mercari.com/jp/u/532952245/","なつ","未使用に近い","着払い(購入者負担)","ゆうメール","4~7日で発送",
"7","m64543115588","エンタメ・ホビー","おもちゃ/ぬいぐるみ","キャラクターグッズ","4444","¥ 4,444","https://www.mercari.com/jp/u/565378989/","haru","新品、未使用","送料込み(出品者負担)","未定","2~3日で発送",
"7","m42534393163","インテリア・住まい・小物","インテリア小物","ティッシュボックス","1000","¥ 1,000","https://www.mercari.com/jp/u/532952245/","なつ","目立った傷や汚れなし","送料込み(出品者負担)","らくらくメルカリ便","2~3日で発送",
"7","m93189159184","レディース","トップス","Tシャツ/カットソー(半袖/袖なし)","2200","¥ 2,200","https://www.mercari.com/jp/u/208625811/","⭐️⭐️⭐️","目立った傷や汚れなし","送料込み(出品者負担)","らくらくメルカリ便","2~3日で発送",
"7","m30974710758","レディース","ジャケット/アウター","チェスターコート","5200","¥ 5,200","https://www.mercari.com/jp/u/592724349/","txsx","やや傷や汚れあり","送料込み(出品者負担)","普通郵便(定形、定形外)","2~3日で発送",
"7","m70769532126","エンタメ・ホビー","タレントグッズ","アイドル","2300","¥ 2,300","https://www.mercari.com/jp/u/462571616/","ミロ","新品、未使用","送料込み(出品者負担)","普通郵便(定形、定形外)","2~3日で発送",
"7","m71961512337","家電・スマホ・カメラ","オーディオ機器","ポータブルプレーヤー","5500","¥ 5,500","https://www.mercari.com/jp/u/345880508/","みっしぇるSHOP","やや傷や汚れあり","送料込み(出品者負担)","らくらくメルカリ便","2~3日で発送",
"9","m21789385803","インテリア・住まい・小物","キッチン/食器","食器","3300","¥ 3,300","https://www.mercari.com/jp/u/140482413/","rumiame＊","新品、未使用","送料込み(出品者負担)","ゆうゆうメルカリ便","2~3日で発送",
"9","m89371328554","ベビー・キッズ","子ども用ファッション小物","帽子","850","¥ 850","https://www.mercari.com/jp/u/884635315/","ポトス","新品、未使用","送料込み(出品者負担)","普通郵便(定形、定形外)","2~3日で発送",
"9","m39571006015","コスメ・香水・美容","ヘアケア","スタイリング剤","600","¥ 600","https://www.mercari.com/jp/u/322221342/","フジ","新品、未使用","送料込み(出品者負担)","らくらくメルカリ便","2~3日で発送",
"9","m84589965256","エンタメ・ホビー","おもちゃ/ぬいぐるみ","キャラクターグッズ","1500","¥ 1,500","https://www.mercari.com/jp/u/938426375/","ハロハロ","新品、未使用","送料込み(出品者負担)","ゆうゆうメルカリ便","4~7日で発送",
"9","m68724742434","レディース","ワンピース","ひざ丈ワンピース","1399","¥ 1,399","https://www.mercari.com/jp/u/769605056/","sora","目立った傷や汚れなし","送料込み(出品者負担)","らくらくメルカリ便","4~7日で発送",
"9","m61693476192","ベビー・キッズ","ベビー服(男の子用)  ~95cm","トップス","1000","¥ 1,000","https://www.mercari.com/jp/u/397193114/","jun","やや傷や汚れあり","送料込み(出品者負担)","らくらくメルカリ便","2~3日で発送",
"9","m28819217755","エンタメ・ホビー","コミック/アニメグッズ","カード","999","¥ 999","https://www.mercari.com/jp/u/394155162/","ハルリョウ@プロフ必読","新品、未使用","送料込み(出品者負担)","普通郵便(定形、定形外)","2~3日で発送",
"9","m323227517","ハンドメイド","キッズ/ベビー","ファッション雑貨","600","¥ 600","https://www.mercari.com/jp/u/959910078/","レイチェル☆","新品、未使用","送料込み(出品者負担)","未定","4~7日で発送",
"9","m29029313219","レディース","スカート","ロングスカート","1999","¥ 1,999","https://www.mercari.com/jp/u/947908097/","me(♥ó㉨ò)断捨離格安定期㊥","新品、未使用","送料込み(出品者負担)","普通郵便(定形、定形外)","2~3日で発送",
"9","m86659331343","インテリア・住まい・小物","インテリア小物","植物/観葉植物","2900","¥ 2,900","https://www.mercari.com/jp/u/602526748/","Mimosa","傷や汚れあり","送料込み(出品者負担)","未定","4~7日で発送",
"9","m99292080939","レディース","トップス","ニット/セーター","3500","¥ 3,500","https://www.mercari.com/jp/u/103505196/","ちかぷう","新品、未使用","送料込み(出品者負担)","普通郵便(定形、定形外)","4~7日で発送",
"9","m50970284722","エンタメ・ホビー","タレントグッズ","アイドル","5444","¥ 5,444","https://www.mercari.com/jp/u/752756043/","A","未使用に近い","送料込み(出品者負担)","普通郵便(定形、定形外)","4~7日で発送",
"9","m13269597870","メンズ","バッグ","ショルダーバッグ","1600","¥ 1,600","https://www.mercari.com/jp/u/184323867/","たくもえパパ  (プロフ必見)","傷や汚れあり","送料込み(出品者負担)","未定","2~3日で発送",
"9","m43539642210","エンタメ・ホビー","コレクション","ノベルティグッズ","1888","¥ 1,888","https://www.mercari.com/jp/u/101033052/","グンソク部屋グッズ整理中","新品、未使用","送料込み(出品者負担)","普通郵便(定形、定形外)","2~3日で発送",
"10","m85230581680","コスメ・香水・美容","ベースメーク/化粧品","アイシャドウ","999999","¥ 999,999","https://www.mercari.com/jp/u/540615142/","かおりん(プロフ必須です)","新品、未使用","送料込み(出品者負担)","未定","4~7日で発送",
"10","m61663243407","レディース","バッグ","ハンドバッグ","18800","¥ 18,800","https://www.mercari.com/jp/u/790514541/","タバサ","やや傷や汚れあり","送料込み(出品者負担)","らくらくメルカリ便","2~3日で発送",
"10","m83837093251","レディース","アクセサリー","ピアス(両耳用)","1580","¥ 1,580","https://www.mercari.com/jp/u/765834444/","saaya プロフ必読","新品、未使用","送料込み(出品者負担)","未定","1~2日で発送",
"10","m28374976633","エンタメ・ホビー","フィギュア","コミック/アニメ","8888","¥ 8,888","https://www.mercari.com/jp/u/796422939/","カメ吉","新品、未使用","送料込み(出品者負担)","らくらくメルカリ便","1~2日で発送",
"10","m24359405974","エンタメ・ホビー","テレビゲーム","携帯用ゲームソフト","1100","¥ 1,100","https://www.mercari.com/jp/u/591140420/","みりん","目立った傷や汚れなし","送料込み(出品者負担)","クリックポスト","2~3日で発送",
"10","m91764655083","レディース","レッグウェア","スパッツ/レギンス","2222","¥ 2,222","https://www.mercari.com/jp/u/183217295/","ムック","新品、未使用","送料込み(出品者負担)","らくらくメルカリ便","1~2日で発送",
"10","m31940932712","ハンドメイド","ファッション/小物","ファッション雑貨","1550","¥ 1,550","https://www.mercari.com/jp/u/627979196/","★イルマニ★","目立った傷や汚れなし","送料込み(出品者負担)","未定","4~7日で発送",
"10","m47314451538","レディース","小物","手袋/アームカバー","6000","¥ 6,000","https://www.mercari.com/jp/u/682086175/","れいら","目立った傷や汚れなし","送料込み(出品者負担)","らくらくメルカリ便","2~3日で発送",
"10","m81328318850","エンタメ・ホビー","コミック/アニメグッズ","ストラップ","800","¥ 800","https://www.mercari.com/jp/u/784576759/","みっき","新品、未使用","送料込み(出品者負担)","普通郵便(定形、定形外)","2~3日で発送",
"10","m80792986035","インテリア・住まい・小物","キッチン/食器","弁当用品","666","¥ 666","https://www.mercari.com/jp/u/746424412/","メイチャン","やや傷や汚れあり","送料込み(出品者負担)","未定","4~7日で発送",
"10","m15301132399","エンタメ・ホビー","コミック/アニメグッズ","ストラップ","1100","¥ 1,100","https://www.mercari.com/jp/u/548866207/","百景","新品、未使用","送料込み(出品者負担)","ゆうゆうメルカリ便","2~3日で発送",
"10","m11305024995","レディース","ジャケット/アウター","ポンチョ","1800","¥ 1,800","https://www.mercari.com/jp/u/785532272/","hana39hana","目立った傷や汚れなし","送料込み(出品者負担)","らくらくメルカリ便","4~7日で発送",
"10","m67624898315","レディース","小物","ハンカチ","300","¥ 300","https://www.mercari.com/jp/u/983026959/","ペコ","新品、未使用","送料込み(出品者負担)","未定","4~7日で発送",
"10","m78800038763","エンタメ・ホビー","コミック/アニメグッズ","カード","2999","¥ 2,999","https://www.mercari.com/jp/u/791698167/","オリーブ♪","新品、未使用","送料込み(出品者負担)","未定","2~3日で発送",
"10","m93812077837","レディース","靴","ローファー/革靴","1250","¥ 1,250","https://www.mercari.com/jp/u/215009271/","おみおみ","目立った傷や汚れなし","送料込み(出品者負担)","普通郵便(定形、定形外)","1~2日で発送",
"10","m99910771555","コスメ・香水・美容","香水","香水(女性用)","6300","¥ 6,300","https://www.mercari.com/jp/u/948364339/","ルル❤️","未使用に近い","送料込み(出品者負担)","らくらくメルカリ便","2~3日で発送",
"10","m99628554255","エンタメ・ホビー","おもちゃ/ぬいぐるみ","キャラクターグッズ","3555","¥ 3,555","https://www.mercari.com/jp/u/345743953/","キャン子","新品、未使用","送料込み(出品者負担)","普通郵便(定形、定形外)","4~7日で発送",
"11","m84804292722","エンタメ・ホビー","雑誌","ファッション","310","¥ 310","https://www.mercari.com/jp/u/793080032/","みほた","未使用に近い","送料込み(出品者負担)","ゆうゆうメルカリ便","2~3日で発送",
"11","m52199324657","メンズ","アクセサリー","ネックレス","1680","¥ 1,680","https://www.mercari.com/jp/u/992010478/","アクセサリーSHOP  Nora","新品、未使用","送料込み(出品者負担)","普通郵便(定形、定形外)","1~2日で発送",
"11","m70392640855","エンタメ・ホビー","おもちゃ/ぬいぐるみ","キャラクターグッズ","300","¥ 300","https://www.mercari.com/jp/u/877590816/","T2O","新品、未使用","送料込み(出品者負担)","ゆうゆうメルカリ便","2~3日で発送",
"11","m63590603519","エンタメ・ホビー","タレントグッズ","アイドル","680","¥ 680","https://www.mercari.com/jp/u/935370563/","Madochi","目立った傷や汚れなし","送料込み(出品者負担)","未定","2~3日で発送",
"11","m51640880292","インテリア・住まい・小物","キッチン/食器","食器","1199","¥ 1,199","https://www.mercari.com/jp/u/541495013/","即購入OK&同時購入で100円以上値引き","新品、未使用","送料込み(出品者負担)","未定","1~2日で発送",
"11","m13572068078","インテリア・住まい・小物","キッチン/食器","調理器具","2000","¥ 2,000","https://www.mercari.com/jp/u/991936663/","shunnnn　引っ越しsale中‼","目立った傷や汚れなし","送料込み(出品者負担)","らくらくメルカリ便","4~7日で発送",
"11","m76690220503","エンタメ・ホビー","コミック/アニメグッズ","バッジ","2000","¥ 2,000","https://www.mercari.com/jp/u/163851595/","mana*","新品、未使用","送料込み(出品者負担)","普通郵便(定形、定形外)","2~3日で発送",
"11","m30020805632","レディース","バッグ","トートバッグ","2800","¥ 2,800","https://www.mercari.com/jp/u/415672027/","きのこ","目立った傷や汚れなし","送料込み(出品者負担)","らくらくメルカリ便","4~7日で発送",
"11","m95969603287","レディース","トップス","シャツ/ブラウス(七分/長袖)","1300","¥ 1,300","https://www.mercari.com/jp/u/685022384/","猫凛","目立った傷や汚れなし","送料込み(出品者負担)","らくらくメルカリ便","4~7日で発送",
"11","m80362045366","メンズ","バッグ","ボストンバッグ","3999","¥ 3,999","https://www.mercari.com/jp/u/852259328/","uco","目立った傷や汚れなし","送料込み(出品者負担)","ゆうゆうメルカリ便","2~3日で発送",
"11","m77460862039","レディース","小物","タバコグッズ","1780","¥ 1,780","https://www.mercari.com/jp/u/110306497/","SAYA☆セレクトショップ","新品、未使用","送料込み(出品者負担)","ゆうパケット","1~2日で発送",
"11","m93887474385","レディース","スカート","ロングスカート","3000","¥ 3,000","https://www.mercari.com/jp/u/133158288/","すぎぱん88☆","新品、未使用","送料込み(出品者負担)","らくらくメルカリ便","2~3日で発送",
"11","m23760226762","レディース","アクセサリー","ネックレス","2180","¥ 2,180","https://www.mercari.com/jp/u/992010478/","アクセサリーSHOP  Nora","新品、未使用","送料込み(出品者負担)","普通郵便(定形、定形外)","1~2日で発送",
"11","m22376154382","レディース","アクセサリー","イヤリング","480","¥ 480","https://www.mercari.com/jp/u/304529907/","高橋しょうこ","新品、未使用","送料込み(出品者負担)","普通郵便(定形、定形外)","2~3日で発送",
"11","m17284027590","レディース","小物","長財布","32222","¥ 32,222","https://www.mercari.com/jp/u/811692352/","プロフ確認お願いします♡☺︎ちゃんしぃ","目立った傷や汚れなし","送料込み(出品者負担)","未定","4~7日で発送",
"11","m21499180968","エンタメ・ホビー","CD","邦楽","800","¥ 800","https://www.mercari.com/jp/u/315745504/","こと","やや傷や汚れあり","送料込み(出品者負担)","ゆうゆうメルカリ便","2~3日で発送",
"11","m65668116633","ベビー・キッズ","外出/移動用品","ベビーカー","5500","¥ 5,500","https://www.mercari.com/jp/u/177649564/","Arena","やや傷や汚れあり","送料込み(出品者負担)","未定","4~7日で発送",
"11","m44825128767","インテリア・住まい・小物","収納家具","棚/ラック","1100","¥ 1,100","https://www.mercari.com/jp/u/590744485/","さくらんぼ","目立った傷や汚れなし","送料込み(出品者負担)","未定","4~7日で発送",
"11","m65169523377","その他","食料品","加工食品","1500","¥ 1,500","https://www.mercari.com/jp/u/951064241/","sale","新品、未使用","送料込み(出品者負担)","未定","2~3日で発送",
"11","m15169159193","レディース","ルームウェア/パジャマ","ルームウェア","3300","¥ 3,300","https://www.mercari.com/jp/u/875732486/","ちゃんさき","新品、未使用","送料込み(出品者負担)","未定","2~3日で発送",
"11","m91151694928","その他","その他","","2500","¥ 2,500","https://www.mercari.com/jp/u/695593819/","ちくわさん","新品、未使用","着払い(購入者負担)","クロネコヤマト","4~7日で発送",
"12","m14567497293","インテリア・住まい・小物","キッチン/食器","調理器具","1999","¥ 1,999","https://www.mercari.com/jp/u/497251583/","FLL(プロフィール必読)","新品、未使用","送料込み(出品者負担)","ゆうゆうメルカリ便","1~2日で発送",
"12","m92489024365","メンズ","靴","スニーカー","4000","¥ 4,000","https://www.mercari.com/jp/u/128995351/","イイハナ","やや傷や汚れあり","送料込み(出品者負担)","らくらくメルカリ便","2~3日で発送",
"12","m50455660495","レディース","バッグ","ショルダーバッグ","7780","¥ 7,780","https://www.mercari.com/jp/u/265536522/","まるお","やや傷や汚れあり","送料込み(出品者負担)","らくらくメルカリ便","4~7日で発送",
"12","m58147960818","その他","その他","","1980","¥ 1,980","https://www.mercari.com/jp/u/999190039/","7★ iPhone","新品、未使用","送料込み(出品者負担)","普通郵便(定形、定形外)","2~3日で発送",
"12","m89007733916","エンタメ・ホビー","漫画","少年","400","¥ 400","https://www.mercari.com/jp/u/177993159/","yukika-na","新品、未使用","送料込み(出品者負担)","ゆうゆうメルカリ便","2~3日で発送",
"12","m30832465900","エンタメ・ホビー","おもちゃ/ぬいぐるみ","キャラクターグッズ","2222","¥ 2,222","https://www.mercari.com/jp/u/269367293/","いちご","未使用に近い","送料込み(出品者負担)","普通郵便(定形、定形外)","4~7日で発送",
"12","m37811423049","エンタメ・ホビー","トレーディングカード","プリパラ","999","¥ 999","https://www.mercari.com/jp/u/161453499/","ろじっく","新品、未使用","送料込み(出品者負担)","普通郵便(定形、定形外)","2~3日で発送",
"12","m77405263626","メンズ","パンツ","チノパン","3500","¥ 3,500","https://www.mercari.com/jp/u/101183388/","MIG","目立った傷や汚れなし","送料込み(出品者負担)","らくらくメルカリ便","4~7日で発送",
"12","m88103595923","エンタメ・ホビー","おもちゃ/ぬいぐるみ","キャラクターグッズ","400","¥ 400","https://www.mercari.com/jp/u/122118505/","kurutaro","新品、未使用","送料込み(出品者負担)","普通郵便(定形、定形外)","2~3日で発送",
"12","m81263178390","レディース","スーツ/フォーマル/ドレス","パンツスーツ上下","1700","¥ 1,700","https://www.mercari.com/jp/u/353526725/","しぃ☆","目立った傷や汚れなし","送料込み(出品者負担)","ゆうゆうメルカリ便","1~2日で発送",
"12","m31209430555","コスメ・香水・美容","ベースメーク/化粧品","フェイスパウダー","1200","¥ 1,200","https://www.mercari.com/jp/u/304112050/","ユウキ","やや傷や汚れあり","送料込み(出品者負担)","ゆうゆうメルカリ便","4~7日で発送",
"12","m53990949255","その他","食料品","菓子","3000","¥ 3,000","https://www.mercari.com/jp/u/119331349/","ママちゃん","新品、未使用","送料込み(出品者負担)","未定","2~3日で発送",
"12","m23834886263","レディース","ワンピース","ひざ丈ワンピース","2000","¥ 2,000","https://www.mercari.com/jp/u/512064658/","asa","目立った傷や汚れなし","送料込み(出品者負担)","未定","1~2日で発送",
"12","m26558312582","エンタメ・ホビー","おもちゃ/ぬいぐるみ","キャラクターグッズ","1200","¥ 1,200","https://www.mercari.com/jp/u/915663353/","はる","未使用に近い","送料込み(出品者負担)","らくらくメルカリ便","2~3日で発送",
"12","m75170815767","レディース","トップス","Tシャツ/カットソー(半袖/袖なし)","500","¥ 500","https://www.mercari.com/jp/u/621442023/","ww","目立った傷や汚れなし","送料込み(出品者負担)","普通郵便(定形、定形外)","4~7日で発送",
"12","m93156764604","レディース","靴","スニーカー","10000","¥ 10,000","https://www.mercari.com/jp/u/239430115/","Name","新品、未使用","送料込み(出品者負担)","未定","4~7日で発送",
"12","m23939295357","エンタメ・ホビー","漫画","少年","3333","¥ 3,333","https://www.mercari.com/jp/u/259641623/","あずみん","目立った傷や汚れなし","送料込み(出品者負担)","ゆうゆうメルカリ便","2~3日で発送",
"12","m22541608865","コスメ・香水・美容","ベースメーク/化粧品","ファンデーション","2000","¥ 2,000","https://www.mercari.com/jp/u/587284784/","びびりひよこ","新品、未使用","送料込み(出品者負担)","未定","4~7日で発送",
"12","m44736500695","スポーツ・レジャー","その他スポーツ","サッカー/フットサル","5500","¥ 5,500","https://www.mercari.com/jp/u/886555187/","りょん","やや傷や汚れあり","送料込み(出品者負担)","ゆうゆうメルカリ便","1~2日で発送",
"12","m72086163759","メンズ","靴","スニーカー","5000","¥ 5,000","https://www.mercari.com/jp/u/254029104/","YOXION","目立った傷や汚れなし","着払い(購入者負担)","ゆうパック","2~3日で発送",
"12","m46087494763","エンタメ・ホビー","トレーディングカード","アイカツ","444","¥ 444","https://www.mercari.com/jp/u/859194849/","しぃ","新品、未使用","送料込み(出品者負担)","普通郵便(定形、定形外)","1~2日で発送",
"12","m95625264336","家電・スマホ・カメラ","スマートフォン/携帯電話","スマートフォン本体","1500","¥ 1,500","https://www.mercari.com/jp/u/718104539/","だいっち◆プロフ必読","傷や汚れあり","送料込み(出品者負担)","クリックポスト","1~2日で発送",
"12","m98158808407","コスメ・香水・美容","ベースメーク/化粧品","アイブロウペンシル","1999","¥ 1,999","https://www.mercari.com/jp/u/226566998/","2点目割引☆プロフ必読","新品、未使用","送料込み(出品者負担)","未定","2~3日で発送",
"12","m80401261067","エンタメ・ホビー","コミック/アニメグッズ","カード","11111","¥ 11,111","https://www.mercari.com/jp/u/990014470/","ただへい","新品、未使用","送料込み(出品者負担)","普通郵便(定形、定形外)","1~2日で発送",
"12","m37682959764","エンタメ・ホビー","フィギュア","特撮","1200","¥ 1,200","https://www.mercari.com/jp/u/162567230/","oki90","目立った傷や汚れなし","送料込み(出品者負担)","ゆうパック","2~3日で発送",
"12","m59135175261","スポーツ・レジャー","トレーニング/エクササイズ","ランニング","1280","¥ 1,280","https://www.mercari.com/jp/u/657106831/","Nobuyoshi","新品、未使用","送料込み(出品者負担)","ゆうメール","2~3日で発送",
"12","m63437922890","レディース","マタニティ","インナー","1470","¥ 1,470","https://www.mercari.com/jp/u/683642540/","りんこ☆","新品、未使用","送料込み(出品者負担)","未定","4~7日で発送",
"12","m81357876625","レディース","トップス","カーディガン/ボレロ","800","¥ 800","https://www.mercari.com/jp/u/355225061/","furuka","未使用に近い","送料込み(出品者負担)","らくらくメルカリ便","4~7日で発送",
"12","m86809664447","エンタメ・ホビー","DVD/ブルーレイ","ミュージック","4500","¥ 4,500","https://www.mercari.com/jp/u/240916000/","うさまる","目立った傷や汚れなし","送料込み(出品者負担)","らくらくメルカリ便","4~7日で発送",
"12","m81634814953","メンズ","トップス","Tシャツ/カットソー(七分/長袖)","4000","¥ 4,000","https://www.mercari.com/jp/u/730517148/","むっく","目立った傷や汚れなし","送料込み(出品者負担)","レターパック","2~3日で発送",
"12","m85107566791","エンタメ・ホビー","本","ビジネス/経済","860","¥ 860","https://www.mercari.com/jp/u/397366498/","Kiko","やや傷や汚れあり","送料込み(出品者負担)","ゆうゆうメルカリ便","1~2日で発送",
"15","m79171030511","レディース","トップス","パーカー","1200","¥ 1,200","https://www.mercari.com/jp/u/165683753/","えりりん★売り切りセール！即購入大歓迎！","未使用に近い","送料込み(出品者負担)","未定","4~7日で発送",
"15","m62515570684","エンタメ・ホビー","タレントグッズ","アイドル","500","¥ 500","https://www.mercari.com/jp/u/275838226/","カナ","新品、未使用","着払い(購入者負担)","未定","2~3日で発送",
"15","m70405307895","家電・スマホ・カメラ","スマホアクセサリー","iPhone用ケース","600","¥ 600","https://www.mercari.com/jp/u/390206798/","りい","傷や汚れあり","送料込み(出品者負担)","普通郵便(定形、定形外)","2~3日で発送",
"15","m64974616687","自動車・オートバイ","自動車","国内自動車用パーツ","4400","¥ 4,400","https://www.mercari.com/jp/u/374128520/","kyoto","傷や汚れあり","送料込み(出品者負担)","レターパック","2~3日で発送",
"15","m98715298074","エンタメ・ホビー","タレントグッズ","タレント/お笑い芸人","300","¥ 300","https://www.mercari.com/jp/u/750191481/","あさこ⚠︎プロフィールお読みください⚠︎","目立った傷や汚れなし","送料込み(出品者負担)","未定","2~3日で発送",
"15","m66722665499","エンタメ・ホビー","おもちゃ/ぬいぐるみ","キャラクターグッズ","4400","¥ 4,400","https://www.mercari.com/jp/u/864677251/","⑥即購入❌のりちゃん♡自己紹介ご覧下さい","新品、未使用","送料込み(出品者負担)","未定","2~3日で発送",
"15","m15174538081","レディース","その他","コスプレ","40000","¥ 40,000","https://www.mercari.com/jp/u/289967794/","モエコ","やや傷や汚れあり","送料込み(出品者負担)","ゆうゆうメルカリ便","2~3日で発送",
"15","m34189050891","エンタメ・ホビー","漫画","全巻セット","999","¥ 999","https://www.mercari.com/jp/u/271347542/","fuu✴︎断捨離中✴︎","目立った傷や汚れなし","送料込み(出品者負担)","ゆうメール","4~7日で発送",
"15","m44057381485","メンズ","ジャケット/アウター","レザージャケット","16000","¥ 16,000","https://www.mercari.com/jp/u/705422660/","hi＊","やや傷や汚れあり","送料込み(出品者負担)","未定","4~7日で発送",
"15","m68124508766","ハンドメイド","素材/材料","各種パーツ","450","¥ 450","https://www.mercari.com/jp/u/262724217/","mika♡shopプロフ読んでね！","新品、未使用","送料込み(出品者負担)","普通郵便(定形、定形外)","1~2日で発送",
"15","m90051620634","レディース","バッグ","ショルダーバッグ","4400","¥ 4,400","https://www.mercari.com/jp/u/129840908/","はちまる","目立った傷や汚れなし","送料込み(出品者負担)","普通郵便(定形、定形外)","4~7日で発送",
"15","m84352214819","エンタメ・ホビー","タレントグッズ","アイドル","999","¥ 999","https://www.mercari.com/jp/u/276362753/","まゆ","新品、未使用","送料込み(出品者負担)","普通郵便(定形、定形外)","4~7日で発送",
"15","m13771740895","レディース","パンツ","デニム/ジーンズ","1180","¥ 1,180","https://www.mercari.com/jp/u/195362929/","庄司 順子","新品、未使用","送料込み(出品者負担)","ゆうメール","1~2日で発送",
"15","m86464443372","ハンドメイド","趣味/おもちゃ","おもちゃ/人形","400","¥ 400","https://www.mercari.com/jp/u/323386261/","ユーズド","目立った傷や汚れなし","送料込み(出品者負担)","普通郵便(定形、定形外)","2~3日で発送",
"16","m15405934048","レディース","トップス","ニット/セーター","1000","¥ 1,000","https://www.mercari.com/jp/u/570207876/","近ちゃんママ","目立った傷や汚れなし","送料込み(出品者負担)","らくらくメルカリ便","4~7日で発送",
"16","m99435326833","レディース","バッグ","ボストンバッグ","1000","¥ 1,000","https://www.mercari.com/jp/u/815377663/","みか⭐","未使用に近い","送料込み(出品者負担)","未定","2~3日で発送",
"16","m62881693144","コスメ・香水・美容","ダイエット","エクササイズ用品","750","¥ 750","https://www.mercari.com/jp/u/564677509/","sara","新品、未使用","送料込み(出品者負担)","クリックポスト","1~2日で発送",
"16","m66102924546","エンタメ・ホビー","本","健康/医学","1880","¥ 1,880","https://www.mercari.com/jp/u/802821831/","ま","やや傷や汚れあり","送料込み(出品者負担)","未定","2~3日で発送",
"16","m76235289136","スポーツ・レジャー","スキー","板","10000","¥ 10,000","https://www.mercari.com/jp/u/747593044/","ぼうず","目立った傷や汚れなし","送料込み(出品者負担)","クロネコヤマト","1~2日で発送",
"16","m87787230118","レディース","トップス","ニット/セーター","1500","¥ 1,500","https://www.mercari.com/jp/u/570207876/","近ちゃんママ","新品、未使用","送料込み(出品者負担)","らくらくメルカリ便","4~7日で発送",
"16","m62538287954","ベビー・キッズ","キッズ靴","スニーカー","2699","¥ 2,699","https://www.mercari.com/jp/u/448383018/","(´・ω・`)","未使用に近い","送料込み(出品者負担)","らくらくメルカリ便","2~3日で発送",
"16","m84633851726","レディース","ルームウェア/パジャマ","ルームウェア","2500","¥ 2,500","https://www.mercari.com/jp/u/570207876/","近ちゃんママ","目立った傷や汚れなし","送料込み(出品者負担)","らくらくメルカリ便","4~7日で発送",
"16","m49946252808","エンタメ・ホビー","コミック/アニメグッズ","カード","900","¥ 900","https://www.mercari.com/jp/u/336454221/","Karen","目立った傷や汚れなし","送料込み(出品者負担)","普通郵便(定形、定形外)","1~2日で発送",
"16","m71128235618","エンタメ・ホビー","おもちゃ/ぬいぐるみ","キャラクターグッズ","450","¥ 450","https://www.mercari.com/jp/u/895699073/","ひろ","未使用に近い","送料込み(出品者負担)","らくらくメルカリ便","4~7日で発送",
"16","m98309251555","ベビー・キッズ","キッズ服(男女兼用) 100cm~","トップス(トレーナー)","1500","¥ 1,500","https://www.mercari.com/jp/u/568297396/","まーこ＊いろいろ断捨離٩(๑❛ᴗ❛๑)۶","目立った傷や汚れなし","送料込み(出品者負担)","未定","2~3日で発送",
"16","m76318653282","レディース","パンツ","デニム/ジーンズ","2000","¥ 2,000","https://www.mercari.com/jp/u/853696506/","☆さーさん☆","やや傷や汚れあり","送料込み(出品者負担)","未定","2~3日で発送",
"17","m99201101719","メンズ","小物","タバコグッズ","3333","¥ 3,333","https://www.mercari.com/jp/u/819076737/","R☆Ypapa","新品、未使用","送料込み(出品者負担)","らくらくメルカリ便","4~7日で発送",
"17","m29400921589","ベビー・キッズ","キッズ服(女の子用) 100cm~","パンツ","1600","¥ 1,600","https://www.mercari.com/jp/u/594741264/","ゆいた","未使用に近い","送料込み(出品者負担)","普通郵便(定形、定形外)","2~3日で発送",
"17","m68150910085","家電・スマホ・カメラ","オーディオ機器","スピーカー","4000","¥ 4,000","https://www.mercari.com/jp/u/335399598/","sakarich","新品、未使用","送料込み(出品者負担)","らくらくメルカリ便","4~7日で発送",
"17","m68299425781","レディース","スーツ/フォーマル/ドレス","ドレス","5800","¥ 5,800","https://www.mercari.com/jp/u/592349234/","姐さん","新品、未使用","送料込み(出品者負担)","らくらくメルカリ便","4~7日で発送",
"17","m76175134215","ベビー・キッズ","ベビー服(女の子用)  ~95cm","ロンパース","1100","¥ 1,100","https://www.mercari.com/jp/u/513457745/","ふくきょん","やや傷や汚れあり","送料込み(出品者負担)","ゆうゆうメルカリ便","2~3日で発送",
"17","m46504766986","レディース","ジャケット/アウター","スカジャン","14000","¥ 14,000","https://www.mercari.com/jp/u/215243226/","陽介","目立った傷や汚れなし","送料込み(出品者負担)","らくらくメルカリ便","2~3日で発送",
"17","m16036486299","その他","アンティーク/コレクション","雑貨","800","¥ 800","https://www.mercari.com/jp/u/765523672/","しましま","新品、未使用","送料込み(出品者負担)","ゆうゆうメルカリ便","2~3日で発送",
"17","m23983108311","メンズ","バッグ","ビジネスバッグ","16000","¥ 16,000","https://www.mercari.com/jp/u/114592227/","mari","目立った傷や汚れなし","送料込み(出品者負担)","らくらくメルカリ便","2~3日で発送",
"17","m27162156474","スポーツ・レジャー","スキー","ブーツ(子ども用)","2700","¥ 2,700","https://www.mercari.com/jp/u/215074858/","よーさん","傷や汚れあり","送料込み(出品者負担)","らくらくメルカリ便","2~3日で発送",
"17","m92303835208","エンタメ・ホビー","おもちゃ/ぬいぐるみ","ぬいぐるみ","1200","¥ 1,200","https://www.mercari.com/jp/u/484912394/","まひそう","目立った傷や汚れなし","送料込み(出品者負担)","普通郵便(定形、定形外)","2~3日で発送",
"17","m97960813384","スポーツ・レジャー","その他スポーツ","バレーボール","600","¥ 600","https://www.mercari.com/jp/u/517464278/","ちゃっぴい","未使用に近い","送料込み(出品者負担)","らくらくメルカリ便","2~3日で発送",
"17","m12786778579","レディース","ワンピース","ミニワンピース","1500","¥ 1,500","https://www.mercari.com/jp/u/592349234/","姐さん","新品、未使用","送料込み(出品者負担)","らくらくメルカリ便","4~7日で発送",
"17","m92757687900","エンタメ・ホビー","コミック/アニメグッズ","カード","300","¥ 300","https://www.mercari.com/jp/u/625089676/","くろねこ","新品、未使用","送料込み(出品者負担)","普通郵便(定形、定形外)","2~3日で発送",
"17","m33950089728","レディース","ジャケット/アウター","チェスターコート","999","¥ 999","https://www.mercari.com/jp/u/192205655/","こな☆1月21日発送","目立った傷や汚れなし","着払い(購入者負担)","ゆうパック","4~7日で発送",
"18","m13236026388","ベビー・キッズ","ベビー服(男の子用)  ~95cm","トップス","349","¥ 349","https://www.mercari.com/jp/u/373718966/","土日子供服大量出品予定❤プロフ必読","全体的に状態が悪い","送料込み(出品者負担)","未定","4~7日で発送",
"18","m53692350165","ベビー・キッズ","キッズ靴","長靴","2500","¥ 2,500","https://www.mercari.com/jp/u/358794439/","ミュミュ ☺︎","やや傷や汚れあり","送料込み(出品者負担)","未定","1~2日で発送",
"18","m83737135822","メンズ","トップス","シャツ","2100","¥ 2,100","https://www.mercari.com/jp/u/844373326/","ピクミン","目立った傷や汚れなし","送料込み(出品者負担)","ゆうゆうメルカリ便","2~3日で発送",
"18","m34025096284","エンタメ・ホビー","CD","K-POP/アジア","8000","¥ 8,000","https://www.mercari.com/jp/u/515552797/","みか","新品、未使用","送料込み(出品者負担)","未定","4~7日で発送",
"18","m75121013568","エンタメ・ホビー","テレビゲーム","家庭用ゲームソフト","1200","¥ 1,200","https://www.mercari.com/jp/u/565506389/","トラック犬","やや傷や汚れあり","送料込み(出品者負担)","クリックポスト","1~2日で発送",
"18","m61441798699","ベビー・キッズ","ベビー服(女の子用)  ~95cm","ロンパース","1700","¥ 1,700","https://www.mercari.com/jp/u/558471738/","yumilina","新品、未使用","送料込み(出品者負担)","普通郵便(定形、定形外)","2~3日で発送",
"18","m86130757963","レディース","スカート","ひざ丈スカート","8000","¥ 8,000","https://www.mercari.com/jp/u/998048521/","Shizu","新品、未使用","送料込み(出品者負担)","未定","2~3日で発送",
"18","m95694051700","レディース","スーツ/フォーマル/ドレス","ドレス","5600","¥ 5,600","https://www.mercari.com/jp/u/519794838/","ゆり","目立った傷や汚れなし","送料込み(出品者負担)","ゆうゆうメルカリ便","2~3日で発送",
"18","m44087411035","ハンドメイド","ファッション/小物","バッグ(女性用)","6900","¥ 6,900","https://www.mercari.com/jp/u/893617104/","ゆみ","新品、未使用","送料込み(出品者負担)","未定","2~3日で発送",
"18","m16610767129","レディース","ジャケット/アウター","その他","8800","¥ 8,800","https://www.mercari.com/jp/u/519794838/","ゆり","目立った傷や汚れなし","送料込み(出品者負担)","ゆうゆうメルカリ便","2~3日で発送",
"18","m96396395104","エンタメ・ホビー","本","住まい/暮らし/子育て","600","¥ 600","https://www.mercari.com/jp/u/173888739/","まかろん☆プロフ必読","目立った傷や汚れなし","送料込み(出品者負担)","未定","4~7日で発送",
"18","m18847219190","ハンドメイド","キッズ/ベビー","外出用品","1000","¥ 1,000","https://www.mercari.com/jp/u/197553014/","あら☆オーダーストップ中","新品、未使用","送料込み(出品者負担)","未定","4~7日で発送",
"18","m40310492078","メンズ","ジャケット/アウター","その他","8500","¥ 8,500","https://www.mercari.com/jp/u/188025077/","ハヤユウ","目立った傷や汚れなし","送料込み(出品者負担)","らくらくメルカリ便","2~3日で発送",
"18","m59515042820","家電・スマホ・カメラ","カメラ","デジタルカメラ","12600","¥ 12,600","https://www.mercari.com/jp/u/549794390/","❤ミユ","目立った傷や汚れなし","送料込み(出品者負担)","らくらくメルカリ便","1~2日で発送",
"18","m79491687627","ベビー・キッズ","子ども用ファッション小物","その他","500","¥ 500","https://www.mercari.com/jp/u/628945988/","やっちん","やや傷や汚れあり","送料込み(出品者負担)","レターパック","2~3日で発送",
"18","m49492016115","レディース","バッグ","リュック/バックパック","500","¥ 500","https://www.mercari.com/jp/u/899516477/","mirei","目立った傷や汚れなし","着払い(購入者負担)","クロネコヤマト","2~3日で発送",
"18","m81728680910","スポーツ・レジャー","アウトドア","登山用品","5700","¥ 5,700","https://www.mercari.com/jp/u/381495232/","レバンネン","新品、未使用","送料込み(出品者負担)","ゆうゆうメルカリ便","2~3日で発送",
"18","m33749889324","エンタメ・ホビー","コレクション","貨幣","1000000","¥ 1,000,000","https://www.mercari.com/jp/u/193443453/","ハルキチ 来週のお願いプロフ一読お願い","やや傷や汚れあり","送料込み(出品者負担)","普通郵便(定形、定形外)","2~3日で発送",
"21","m80373060987","レディース","ジャケット/アウター","ジャンパー/ブルゾン","5500","¥ 5,500","https://www.mercari.com/jp/u/140177497/","ミニー","やや傷や汚れあり","送料込み(出品者負担)","ゆうゆうメルカリ便","2~3日で発送",
"21","m19454784646","コスメ・香水・美容","ヘアケア","トリートメント","3000","¥ 3,000","https://www.mercari.com/jp/u/667813382/","AZU","新品、未使用","送料込み(出品者負担)","普通郵便(定形、定形外)","1~2日で発送",
"21","m95262051816","インテリア・住まい・小物","キッチン/食器","容器","400","¥ 400","https://www.mercari.com/jp/u/229692350/","もえぽんず","未使用に近い","着払い(購入者負担)","未定","4~7日で発送",
"21","m93942398478","コスメ・香水・美容","ヘアケア","トリートメント","1500","¥ 1,500","https://www.mercari.com/jp/u/667813382/","AZU","新品、未使用","送料込み(出品者負担)","普通郵便(定形、定形外)","1~2日で発送",
"21","m98245978233","コスメ・香水・美容","スキンケア/基礎化粧品","パック/フェイスマスク","550","¥ 550","https://www.mercari.com/jp/u/667813382/","AZU","新品、未使用","送料込み(出品者負担)","普通郵便(定形、定形外)","1~2日で発送",
"21","m55743306407","レディース","トップス","ニット/セーター","1300","¥ 1,300","https://www.mercari.com/jp/u/447779079/","あきりん","目立った傷や汚れなし","送料込み(出品者負担)","ゆうゆうメルカリ便","2~3日で発送",
"21","m92785170573","メンズ","靴","スニーカー","29500","¥ 29,500","https://www.mercari.com/jp/u/587182284/","ロベルト85","新品、未使用","送料込み(出品者負担)","らくらくメルカリ便","4~7日で発送",
"21","m12373615708","エンタメ・ホビー","テレビゲーム","携帯用ゲームソフト","2222","¥ 2,222","https://www.mercari.com/jp/u/331880777/","めいたら","目立った傷や汚れなし","送料込み(出品者負担)","ゆうゆうメルカリ便","2~3日で発送",
"21","m80056033730","レディース","ジャケット/アウター","ロングコート","1600","¥ 1,600","https://www.mercari.com/jp/u/485285792/","まなみん","目立った傷や汚れなし","送料込み(出品者負担)","らくらくメルカリ便","2~3日で発送",
"21","m72539611701","レディース","小物","折り財布","55100","¥ 55,100","https://www.mercari.com/jp/u/623425686/","みー♢","新品、未使用","送料込み(出品者負担)","らくらくメルカリ便","2~3日で発送",
"21","m13297454699","その他","食料品","加工食品","2200","¥ 2,200","https://www.mercari.com/jp/u/136315307/","ぴーきち","新品、未使用","送料込み(出品者負担)","らくらくメルカリ便","2~3日で発送",
"21","m53144604736","レディース","小物","手袋/アームカバー","1200","¥ 1,200","https://www.mercari.com/jp/u/170086716/","reonプロフ必読‼︎","新品、未使用","送料込み(出品者負担)","未定","4~7日で発送",
"21","m52421003306","レディース","ジャケット/アウター","ダウンジャケット","39999","¥ 39,999","https://www.mercari.com/jp/u/621580856/","♪ゆきぽん♪","やや傷や汚れあり","送料込み(出品者負担)","未定","4~7日で発送",
"21","m10230498784","その他","文房具/事務用品","ノート/メモ帳","300","¥ 300","https://www.mercari.com/jp/u/413445977/","ちぃぼう☆プロフ見てね☻","新品、未使用","送料込み(出品者負担)","普通郵便(定形、定形外)","2~3日で発送",
"21","m43477544394","レディース","靴","フラットシューズ/バレエシューズ","4800","¥ 4,800","https://www.mercari.com/jp/u/900970314/","Hana","目立った傷や汚れなし","送料込み(出品者負担)","ゆうゆうメルカリ便","2~3日で発送",
"21","m76322087438","エンタメ・ホビー","CD","邦楽","300","¥ 300","https://www.mercari.com/jp/u/320897504/","nobi","やや傷や汚れあり","送料込み(出品者負担)","普通郵便(定形、定形外)","2~3日で発送",
"21","m84936085209","レディース","トップス","パーカー","1580","¥ 1,580","https://www.mercari.com/jp/u/485285792/","まなみん","目立った傷や汚れなし","送料込み(出品者負担)","らくらくメルカリ便","2~3日で発送",
"21","m82342033055","レディース","マタニティ","インナー","1900","¥ 1,900","https://www.mercari.com/jp/u/549196110/","みずきち","新品、未使用","送料込み(出品者負担)","クロネコヤマト","2~3日で発送",
"21","m98342541808","エンタメ・ホビー","おもちゃ/ぬいぐるみ","キャラクターグッズ","2400","¥ 2,400","https://www.mercari.com/jp/u/572103748/","きのこ","新品、未使用","送料込み(出品者負担)","普通郵便(定形、定形外)","4~7日で発送",
"21","m69410873305","ベビー・キッズ","ベビー服(男女兼用)  ~95cm","パンツ","350","¥ 350","https://www.mercari.com/jp/u/302569326/","Aichiii","目立った傷や汚れなし","送料込み(出品者負担)","ゆうゆうメルカリ便","2~3日で発送",
"23","m81135020253","コスメ・香水・美容","ネイルケア","ネイルカラー","1580","¥ 1,580","https://www.mercari.com/jp/u/262879164/","✩るぅ✩","新品、未使用","送料込み(出品者負担)","未定","4~7日で発送",
"23","m79485615052","エンタメ・ホビー","タレントグッズ","アイドル","1200","¥ 1,200","https://www.mercari.com/jp/u/209582076/","ZOUさん","目立った傷や汚れなし","送料込み(出品者負担)","らくらくメルカリ便","4~7日で発送",
"23","m38726526084","エンタメ・ホビー","その他","アマチュア無線","24444","¥ 24,444","https://www.mercari.com/jp/u/680602029/","YOU","新品、未使用","送料込み(出品者負担)","らくらくメルカリ便","2~3日で発送",
"23","m77459309890","家電・スマホ・カメラ","その他","その他","300","¥ 300","https://www.mercari.com/jp/u/702627166/","ルカ","新品、未使用","送料込み(出品者負担)","普通郵便(定形、定形外)","2~3日で発送",
"23","m57297297015","インテリア・住まい・小物","寝具","シーツ/カバー","2980","¥ 2,980","https://www.mercari.com/jp/u/112252194/","小泉家具","新品、未使用","送料込み(出品者負担)","未定","2~3日で発送",
"23","m41190990405","レディース","バッグ","ハンドバッグ","1400","¥ 1,400","https://www.mercari.com/jp/u/335931137/","Y,s冬物最終セール","やや傷や汚れあり","送料込み(出品者負担)","未定","4~7日で発送",
"23","m18676680741","コスメ・香水・美容","ベースメーク/化粧品","アイシャドウ","1980","¥ 1,980","https://www.mercari.com/jp/u/262879164/","✩るぅ✩","新品、未使用","送料込み(出品者負担)","未定","4~7日で発送",
"23","m83773731446","インテリア・住まい・小物","収納家具","洋服タンス/押入れ収納","9880","¥ 9,880","https://www.mercari.com/jp/u/127114275/","ぽいふる","新品、未使用","送料込み(出品者負担)","未定","2~3日で発送",
"23","m30331697730","エンタメ・ホビー","トレーディングカード","ドラゴンボール","65555","¥ 65,555","https://www.mercari.com/jp/u/674280649/","プロフ必読トモ","未使用に近い","着払い(購入者負担)","未定","4~7日で発送",
"23","m44165836934","エンタメ・ホビー","タレントグッズ","ミュージシャン","444","¥ 444","https://www.mercari.com/jp/u/335066822/","パティ","傷や汚れあり","送料込み(出品者負担)","ゆうゆうメルカリ便","2~3日で発送",
"23","m95607638800","エンタメ・ホビー","おもちゃ/ぬいぐるみ","ぬいぐるみ","3600","¥ 3,600","https://www.mercari.com/jp/u/321786483/","ALISA◡̈♥︎1/22発送プロフ必読","新品、未使用","送料込み(出品者負担)","未定","1~2日で発送",
"23","m11970111892","コスメ・香水・美容","その他","健康用品","3000","¥ 3,000","https://www.mercari.com/jp/u/762361006/","コリラ","新品、未使用","送料込み(出品者負担)","らくらくメルカリ便","2~3日で発送",
"23","m94140200255","家電・スマホ・カメラ","オーディオ機器","イヤフォン","3600","¥ 3,600","https://www.mercari.com/jp/u/617232580/","キャワーイ","新品、未使用","送料込み(出品者負担)","未定","1~2日で発送",
"23","m31336451793","レディース","小物","長財布","3900","¥ 3,900","https://www.mercari.com/jp/u/725978256/","Hi SY","やや傷や汚れあり","送料込み(出品者負担)","未定","2~3日で発送",
"23","m36512563851","家電・スマホ・カメラ","スマホアクセサリー","イヤホンジャック","320","¥ 320","https://www.mercari.com/jp/u/179729879/","にむ","新品、未使用","送料込み(出品者負担)","普通郵便(定形、定形外)","4~7日で発送",
"23","m59111419157","インテリア・住まい・小物","寝具","シーツ/カバー","2980","¥ 2,980","https://www.mercari.com/jp/u/112252194/","小泉家具","新品、未使用","送料込み(出品者負担)","未定","2~3日で発送",
"23","m21215079051","エンタメ・ホビー","タレントグッズ","ミュージシャン","3200","¥ 3,200","https://www.mercari.com/jp/u/393810934/","スクラッチボーイ","やや傷や汚れあり","送料込み(出品者負担)","普通郵便(定形、定形外)","4~7日で発送",
"23","m42981302458","レディース","パンツ","デニム/ジーンズ","13000","¥ 13,000","https://www.mercari.com/jp/u/585060023/","クマさん","目立った傷や汚れなし","送料込み(出品者負担)","らくらくメルカリ便","2~3日で発送",
"23","m95654551412","メンズ","レッグウェア","レギンス/スパッツ","2180","¥ 2,180","https://www.mercari.com/jp/u/897394853/","s.ten","未使用に近い","送料込み(出品者負担)","らくらくメルカリ便","2~3日で発送",
"23","m66678865734","ハンドメイド","素材/材料","各種パーツ","750","¥ 750","https://www.mercari.com/jp/u/853512239/","Silver Sale","新品、未使用","送料込み(出品者負担)","普通郵便(定形、定形外)","2~3日で発送",
"23","m90497376661","エンタメ・ホビー","タレントグッズ","アイドル","666","¥ 666","https://www.mercari.com/jp/u/845680002/","てやん","やや傷や汚れあり","送料込み(出品者負担)","普通郵便(定形、定形外)","2~3日で発送",
"24","m15534168843","ベビー・キッズ","キッズ服(男の子用) 100cm~","トップス(Tシャツ/カットソー)","1500","¥ 1,500","https://www.mercari.com/jp/u/942958935/","けばちゃん☆プロフ必読","やや傷や汚れあり","送料込み(出品者負担)","未定","1~2日で発送",
"24","m34646081506","エンタメ・ホビー","コミック/アニメグッズ","カード","13000","¥ 13,000","https://www.mercari.com/jp/u/377625707/","かいと","やや傷や汚れあり","送料込み(出品者負担)","らくらくメルカリ便","4~7日で発送",
"24","m38046188286","エンタメ・ホビー","テレビゲーム","その他","500","¥ 500","https://www.mercari.com/jp/u/133147909/","もっさん","未使用に近い","着払い(購入者負担)","未定","4~7日で発送",
"24","m23226060533","レディース","バッグ","ハンドバッグ","2000","¥ 2,000","https://www.mercari.com/jp/u/487597385/","Amo","未使用に近い","送料込み(出品者負担)","ゆうゆうメルカリ便","2~3日で発送",
"24","m76837241027","エンタメ・ホビー","おもちゃ/ぬいぐるみ","キャラクターグッズ","999","¥ 999","https://www.mercari.com/jp/u/191601561/","らいと","やや傷や汚れあり","送料込み(出品者負担)","普通郵便(定形、定形外)","4~7日で発送",
"24","m36195130827","ベビー・キッズ","おもちゃ","絵本","430","¥ 430","https://www.mercari.com/jp/u/893529319/","Ayako Ishii","やや傷や汚れあり","送料込み(出品者負担)","未定","2~3日で発送",
"24","m48151383343","エンタメ・ホビー","CD","アニメ","2300","¥ 2,300","https://www.mercari.com/jp/u/188499839/","のんの","新品、未使用","送料込み(出品者負担)","ゆうゆうメルカリ便","4~7日で発送",
"24","m16406889550","エンタメ・ホビー","タレントグッズ","ミュージシャン","1800","¥ 1,800","https://www.mercari.com/jp/u/942958935/","けばちゃん☆プロフ必読","未使用に近い","送料込み(出品者負担)","らくらくメルカリ便","1~2日で発送",
"24","m663718495","メンズ","ジャケット/アウター","トレンチコート","10800","¥ 10,800","https://www.mercari.com/jp/u/837187341/","Hiro","やや傷や汚れあり","送料込み(出品者負担)","らくらくメルカリ便","4~7日で発送",
"24","m79740061610","エンタメ・ホビー","本","ビジネス/経済","500","¥ 500","https://www.mercari.com/jp/u/942958935/","けばちゃん☆プロフ必読","目立った傷や汚れなし","送料込み(出品者負担)","らくらくメルカリ便","1~2日で発送",
"24","m87813283438","エンタメ・ホビー","おもちゃ/ぬいぐるみ","キャラクターグッズ","1999","¥ 1,999","https://www.mercari.com/jp/u/731328949/","プロフ必読♡","未使用に近い","送料込み(出品者負担)","らくらくメルカリ便","2~3日で発送",
"24","m98659102481","エンタメ・ホビー","コレクション","印刷物","500","¥ 500","https://www.mercari.com/jp/u/281795919/","アキラ","やや傷や汚れあり","送料込み(出品者負担)","未定","4~7日で発送",
"24","m93078397808","エンタメ・ホビー","おもちゃ/ぬいぐるみ","ぬいぐるみ","600","¥ 600","https://www.mercari.com/jp/u/275211449/","namichan","目立った傷や汚れなし","送料込み(出品者負担)","未定","4~7日で発送",
"24","m99091768815","エンタメ・ホビー","タレントグッズ","ミュージシャン","999","¥ 999","https://www.mercari.com/jp/u/688379681/","ぴぴぴ※プロフ必読","未使用に近い","送料込み(出品者負担)","普通郵便(定形、定形外)","4~7日で発送",
"24","m20594739755","ベビー・キッズ","ベビー服(女の子用)  ~95cm","トップス","888","¥ 888","https://www.mercari.com/jp/u/178892650/","Chiko","新品、未使用","送料込み(出品者負担)","らくらくメルカリ便","2~3日で発送",
"24","m94898036485","コスメ・香水・美容","スキンケア/基礎化粧品","パック/フェイスマスク","980","¥ 980","https://www.mercari.com/jp/u/824180196/","ゆかりん☆全品早い者勝ちプロフィール必読","新品、未使用","送料込み(出品者負担)","未定","1~2日で発送",
"24","m16135333674","エンタメ・ホビー","美術品","絵画/タペストリ","5555","¥ 5,555","https://www.mercari.com/jp/u/906497349/","プロフ必読⿻２児のおかん*⑅","やや傷や汚れあり","送料込み(出品者負担)","未定","2~3日で発送",
"24","m24587383664","レディース","ジャケット/アウター","ライダースジャケット","5500","¥ 5,500","https://www.mercari.com/jp/u/918810782/","ぎょぬ","新品、未使用","送料込み(出品者負担)","未定","4~7日で発送",
"24","m11701221900","スポーツ・レジャー","アウトドア","登山用品","5500","¥ 5,500","https://www.mercari.com/jp/u/379555426/","スットン","目立った傷や汚れなし","送料込み(出品者負担)","らくらくメルカリ便","2~3日で発送",
"24","m27127989083","レディース","トップス","ニット/セーター","1400","¥ 1,400","https://www.mercari.com/jp/u/906497349/","プロフ必読⿻２児のおかん*⑅","新品、未使用","送料込み(出品者負担)","未定","2~3日で発送",
"24","m41241207004","ハンドメイド","日用品/インテリア","フラワー/ガーデン","1234567","¥ 1,234,567","https://www.mercari.com/jp/u/412388725/","minto159","新品、未使用","送料込み(出品者負担)","普通郵便(定形、定形外)","2~3日で発送",
"24","m98892310369","レディース","小物","モバイルケース/カバー","9000","¥ 9,000","https://www.mercari.com/jp/u/575660768/","みー♥︎︎プロフ読んで下さい♥︎︎","未使用に近い","送料込み(出品者負担)","ゆうゆうメルカリ便","4~7日で発送",
"24","m54100656961","ベビー・キッズ","キッズ服(女の子用) 100cm~","ジャケット/上着","4300","¥ 4,300","https://www.mercari.com/jp/u/663757290/","りみあ","未使用に近い","送料込み(出品者負担)","らくらくメルカリ便","2~3日で発送",
"24","m64748268307","ベビー・キッズ","キッズ服(女の子用) 100cm~","ジャケット/上着","4300","¥ 4,300","https://www.mercari.com/jp/u/663757290/","りみあ","目立った傷や汚れなし","送料込み(出品者負担)","らくらくメルカリ便","2~3日で発送",
"24","m23681367666","エンタメ・ホビー","CD","邦楽","550","¥ 550","https://www.mercari.com/jp/u/423366619/","バラモ","やや傷や汚れあり","送料込み(出品者負担)","ゆうゆうメルカリ便","1~2日で発送",
"24","m85178684572","ベビー・キッズ","キッズ服(女の子用) 100cm~","ジャケット/上着","1600","¥ 1,600","https://www.mercari.com/jp/u/663757290/","りみあ","傷や汚れあり","送料込み(出品者負担)","らくらくメルカリ便","2~3日で発送",
"24","m65814548782","エンタメ・ホビー","コレクション","切手/官製はがき","300","¥ 300","https://www.mercari.com/jp/u/110095821/","すみか","新品、未使用","送料込み(出品者負担)","未定","2~3日で発送",
"24","m78399426518","エンタメ・ホビー","トレーディングカード","アイカツ","1000","¥ 1,000","https://www.mercari.com/jp/u/381925766/","げっつ","新品、未使用","送料込み(出品者負担)","普通郵便(定形、定形外)","2~3日で発送",
"24","m28117076854","エンタメ・ホビー","漫画","全巻セット","3333","¥ 3,333","https://www.mercari.com/jp/u/547579683/","コロロコ☆プロフ必読","傷や汚れあり","送料込み(出品者負担)","未定","4~7日で発送",
"24","m91026103721","エンタメ・ホビー","トレーディングカード","ドラゴンボール","333","¥ 333","https://www.mercari.com/jp/u/928753784/","あななき","新品、未使用","送料込み(出品者負担)","未定","1~2日で発送",
"24","m25513987875","レディース","トップス","カーディガン/ボレロ","3000","¥ 3,000","https://www.mercari.com/jp/u/666939734/","shary.t.m","目立った傷や汚れなし","送料込み(出品者負担)","ゆうゆうメルカリ便","2~3日で発送",
"24","m94180175515","レディース","ルームウェア/パジャマ","ルームウェア","2000","¥ 2,000","https://www.mercari.com/jp/u/906497349/","プロフ必読⿻２児のおかん*⑅","目立った傷や汚れなし","送料込み(出品者負担)","未定","2~3日で発送",
"24","m30580827322","エンタメ・ホビー","雑誌","ファッション","1299","¥ 1,299","https://www.mercari.com/jp/u/878798245/","lisa","新品、未使用","送料込み(出品者負担)","らくらくメルカリ便","4~7日で発送",
"24","m39464342012","インテリア・住まい・小物","カーテン/ブラインド","カーテン","10000","¥ 10,000","https://www.mercari.com/jp/u/752797095/","みるく♡","未使用に近い","送料込み(出品者負担)","未定","4~7日で発送",
"24","m38676102819","ベビー・キッズ","ベビー服(女の子用)  ~95cm","パンツ","1000","¥ 1,000","https://www.mercari.com/jp/u/622353977/","みーちゃん","目立った傷や汚れなし","送料込み(出品者負担)","らくらくメルカリ便","4~7日で発送",
"24","m72818456640","ベビー・キッズ","キッズ服(男女兼用) 100cm~","その他","300","¥ 300","https://www.mercari.com/jp/u/931246423/","マスカット","未使用に近い","送料込み(出品者負担)","ゆうゆうメルカリ便","1~2日で発送",
"24","m69561774710","メンズ","時計","腕時計(アナログ)","13300","¥ 13,300","https://www.mercari.com/jp/u/302915492/","ハイセンス","目立った傷や汚れなし","送料込み(出品者負担)","らくらくメルカリ便","1~2日で発送",
"24","m28302194374","ハンドメイド","日用品/インテリア","フラワー/ガーデン","1234567","¥ 1,234,567","https://www.mercari.com/jp/u/412388725/","minto159","新品、未使用","送料込み(出品者負担)","普通郵便(定形、定形外)","2~3日で発送",
"24","m36290109627","自動車・オートバイ","自動車","外国自動車用パーツ","7700","¥ 7,700","https://www.mercari.com/jp/u/906497349/","プロフ必読⿻２児のおかん*⑅","目立った傷や汚れなし","送料込み(出品者負担)","未定","2~3日で発送",
"24","m37296592906","その他","文房具/事務用品","筆記具","550","¥ 550","https://www.mercari.com/jp/u/894177693/","harutack","未使用に近い","送料込み(出品者負担)","未定","2~3日で発送",
"27","m24019049760","エンタメ・ホビー","おもちゃ/ぬいぐるみ","キャラクターグッズ","3800","¥ 3,800","https://www.mercari.com/jp/u/812980576/","ディアナのお店","新品、未使用","送料込み(出品者負担)","らくらくメルカリ便","2~3日で発送",
"27","m56614809843","家電・スマホ・カメラ","スマホアクセサリー","iPhone用ケース","680","¥ 680","https://www.mercari.com/jp/u/101693804/","無言購入大歓迎♡全品翌日配送♡","新品、未使用","送料込み(出品者負担)","普通郵便(定形、定形外)","1~2日で発送",
"27","m85273479653","ハンドメイド","ファッション/小物","その他","1000","¥ 1,000","https://www.mercari.com/jp/u/515642568/","R925R※プロフ必読","新品、未使用","送料込み(出品者負担)","未定","4~7日で発送",
"27","m29834224552","家電・スマホ・カメラ","スマホアクセサリー","iPhone用ケース","890","¥ 890","https://www.mercari.com/jp/u/743076907/","松島 繁樹","新品、未使用","送料込み(出品者負担)","ゆうメール","2~3日で発送",
"27","m53365750224","チケット","音楽","国内アーティスト","11111","¥ 11,111","https://www.mercari.com/jp/u/963249302/","さくら","新品、未使用","送料込み(出品者負担)","らくらくメルカリ便","2~3日で発送",
"27","m12234458072","レディース","マタニティ","パンツ/スパッツ","1300","¥ 1,300","https://www.mercari.com/jp/u/814287010/","ミカティ☆","やや傷や汚れあり","送料込み(出品者負担)","未定","2~3日で発送",
"27","m21205859654","エンタメ・ホビー","タレントグッズ","スポーツ選手","6800","¥ 6,800","https://www.mercari.com/jp/u/521258202/","Bs#9 BBM 直筆 遊戯王 取扱","目立った傷や汚れなし","送料込み(出品者負担)","普通郵便(定形、定形外)","2~3日で発送",
"27","m11830279355","エンタメ・ホビー","CD","邦楽","500","¥ 500","https://www.mercari.com/jp/u/276788012/","なおぽん","目立った傷や汚れなし","送料込み(出品者負担)","ゆうゆうメルカリ便","2~3日で発送",
"27","m52721266228","レディース","トップス","ニット/セーター","4900","¥ 4,900","https://www.mercari.com/jp/u/766705695/","ℳ☆プロフ必続。","新品、未使用","送料込み(出品者負担)","未定","2~3日で発送",
"27","m39796115535","エンタメ・ホビー","漫画","少女","1200","¥ 1,200","https://www.mercari.com/jp/u/898903091/","☆LOHAS☆","やや傷や汚れあり","送料込み(出品者負担)","未定","4~7日で発送",
"27","m56456353780","レディース","バッグ","ショルダーバッグ","22000","¥ 22,000","https://www.mercari.com/jp/u/643939552/","shoshop⌘","やや傷や汚れあり","着払い(購入者負担)","未定","2~3日で発送",
"27","m83150545547","レディース","バッグ","トートバッグ","400","¥ 400","https://www.mercari.com/jp/u/653555954/","マリリン","新品、未使用","送料込み(出品者負担)","ゆうゆうメルカリ便","2~3日で発送",
"27","m83236747077","エンタメ・ホビー","テレビゲーム","家庭用ゲームソフト","7500","¥ 7,500","https://www.mercari.com/jp/u/424631663/","happy","やや傷や汚れあり","送料込み(出品者負担)","普通郵便(定形、定形外)","4~7日で発送",
"27","m35983325339","コスメ・香水・美容","ダイエット","エクササイズ用品","748","¥ 748","https://www.mercari.com/jp/u/715022173/","藤本 冬樹","新品、未使用","送料込み(出品者負担)","ゆうメール","2~3日で発送",
"27","m66108884597","レディース","バッグ","リュック/バックパック","20000","¥ 20,000","https://www.mercari.com/jp/u/876304131/","いろは","未使用に近い","送料込み(出品者負担)","らくらくメルカリ便","2~3日で発送",
"27","m25090894850","レディース","ジャケット/アウター","ジャンパー/ブルゾン","3865","¥ 3,865","https://www.mercari.com/jp/u/839858356/","めい","新品、未使用","送料込み(出品者負担)","未定","4~7日で発送",
"27","m28128716616","家電・スマホ・カメラ","スマホアクセサリー","iPhone用ケース","300","¥ 300","https://www.mercari.com/jp/u/408416236/","即購入OK","新品、未使用","送料込み(出品者負担)","普通郵便(定形、定形外)","2~3日で発送",
"27","m88648971648","メンズ","バッグ","トートバッグ","5000","¥ 5,000","https://www.mercari.com/jp/u/457031521/","Wataru Amamoto","やや傷や汚れあり","送料込み(出品者負担)","らくらくメルカリ便","2~3日で発送",
"27","m97104504480","レディース","トップス","パーカー","1100","¥ 1,100","https://www.mercari.com/jp/u/932315331/","good job","目立った傷や汚れなし","送料込み(出品者負担)","らくらくメルカリ便","1~2日で発送",
"27","m56745843461","レディース","ジャケット/アウター","ロングコート","5500","¥ 5,500","https://www.mercari.com/jp/u/547249866/","ののか","新品、未使用","送料込み(出品者負担)","ゆうゆうメルカリ便","4~7日で発送",
"27","m69545284063","ベビー・キッズ","キッズ服(男の子用) 100cm~","パンツ","1111","¥ 1,111","https://www.mercari.com/jp/u/102174368/","てまきずし","未使用に近い","送料込み(出品者負担)","未定","4~7日で発送",
"27","m26872539650","レディース","スカート","ミニスカート","700","¥ 700","https://www.mercari.com/jp/u/743153079/","おゆみ","目立った傷や汚れなし","送料込み(出品者負担)","らくらくメルカリ便","2~3日で発送",
"27","m36152557576","レディース","靴","スニーカー","1500","¥ 1,500","https://www.mercari.com/jp/u/768404277/","♡ ふう ♡","やや傷や汚れあり","着払い(購入者負担)","未定","4~7日で発送",
"27","m27526245401","メンズ","ジャケット/アウター","ナイロンジャケット","4400","¥ 4,400","https://www.mercari.com/jp/u/189469340/","joby","新品、未使用","送料込み(出品者負担)","未定","1~2日で発送",
"27","m96461296874","エンタメ・ホビー","コミック/アニメグッズ","カード","6250","¥ 6,250","https://www.mercari.com/jp/u/521258202/","Bs#9 BBM 直筆 遊戯王 取扱","目立った傷や汚れなし","送料込み(出品者負担)","普通郵便(定形、定形外)","2~3日で発送",
"27","m67665017065","コスメ・香水・美容","ベースメーク/化粧品","リップグロス","4500","¥ 4,500","https://www.mercari.com/jp/u/110236338/","★★MEchan★★プロフ必読★★","新品、未使用","送料込み(出品者負担)","未定","4~7日で発送",
"27","m67633465672","家電・スマホ・カメラ","スマホアクセサリー","iPhone用ケース","770","¥ 770","https://www.mercari.com/jp/u/469975901/","即購入OK","新品、未使用","送料込み(出品者負担)","普通郵便(定形、定形外)","2~3日で発送",
"27","m40916072852","エンタメ・ホビー","DVD/ブルーレイ","スポーツ/フィットネス","10800","¥ 10,800","https://www.mercari.com/jp/u/989184421/","みかん","目立った傷や汚れなし","送料込み(出品者負担)","らくらくメルカリ便","2~3日で発送",
"30","m81849247469","レディース","トップス","ニット/セーター","1500","¥ 1,500","https://www.mercari.com/jp/u/455469161/","ぷう","目立った傷や汚れなし","送料込み(出品者負担)","普通郵便(定形、定形外)","2~3日で発送",
"30","m99789026870","スポーツ・レジャー","ゴルフ","ウエア(男性用)","2800","¥ 2,800","https://www.mercari.com/jp/u/181209855/","しょうご","目立った傷や汚れなし","送料込み(出品者負担)","らくらくメルカリ便","2~3日で発送",
"30","m54212371480","コスメ・香水・美容","スキンケア/基礎化粧品","トライアルセット/サンプル","2000","¥ 2,000","https://www.mercari.com/jp/u/879108146/","bee☆","新品、未使用","送料込み(出品者負担)","ゆうゆうメルカリ便","2~3日で発送",
"30","m27879350291","チケット","スポーツ","ゴルフ","2350","¥ 2,350","https://www.mercari.com/jp/u/725424588/","T-ＲEX","新品、未使用","送料込み(出品者負担)","未定","4~7日で発送",
"30","m44673204256","レディース","バッグ","リュック/バックパック","1666","¥ 1,666","https://www.mercari.com/jp/u/794307347/","みい☆1/22発送です","新品、未使用","送料込み(出品者負担)","普通郵便(定形、定形外)","4~7日で発送",
"30","m36056110262","レディース","ワンピース","ミニワンピース","500","¥ 500","https://www.mercari.com/jp/u/848752840/","Kanta☆","未使用に近い","送料込み(出品者負担)","らくらくメルカリ便","1~2日で発送",
"30","m54211756104","ハンドメイド","素材/材料","各種パーツ","699","¥ 699","https://www.mercari.com/jp/u/794307347/","みい☆1/22発送です","やや傷や汚れあり","送料込み(出品者負担)","普通郵便(定形、定形外)","4~7日で発送",
"30","m51302102427","レディース","トップス","ニット/セーター","1500","¥ 1,500","https://www.mercari.com/jp/u/709393510/","れお","未使用に近い","着払い(購入者負担)","ゆうパック","2~3日で発送",
"30","m39252827534","レディース","トップス","シャツ/ブラウス(七分/長袖)","1200","¥ 1,200","https://www.mercari.com/jp/u/814004351/","м","新品、未使用","送料込み(出品者負担)","未定","2~3日で発送",
"30","m71383094636","スポーツ・レジャー","ゴルフ","ウエア(男性用)","2800","¥ 2,800","https://www.mercari.com/jp/u/181209855/","しょうご","目立った傷や汚れなし","送料込み(出品者負担)","らくらくメルカリ便","2~3日で発送",
"30","m98657988162","レディース","ワンピース","ひざ丈ワンピース","800","¥ 800","https://www.mercari.com/jp/u/709393510/","れお","目立った傷や汚れなし","着払い(購入者負担)","ゆうパック","2~3日で発送",
"30","m36410785068","ベビー・キッズ","ベビー服(女の子用)  ~95cm","ワンピース","1200","¥ 1,200","https://www.mercari.com/jp/u/482239793/","peekaboo","目立った傷や汚れなし","送料込み(出品者負担)","未定","2~3日で発送",
"30","m85766381983","エンタメ・ホビー","トレーディングカード","ドラゴンボール","999","¥ 999","https://www.mercari.com/jp/u/384965352/","こしょう","目立った傷や汚れなし","送料込み(出品者負担)","普通郵便(定形、定形外)","2~3日で発送",
"30","m18382380498","コスメ・香水・美容","スキンケア/基礎化粧品","トライアルセット/サンプル","2090","¥ 2,090","https://www.mercari.com/jp/u/879108146/","bee☆","新品、未使用","送料込み(出品者負担)","ゆうゆうメルカリ便","2~3日で発送",
"30","m65651332602","インテリア・住まい・小物","インテリア小物","植物/観葉植物","599","¥ 599","https://www.mercari.com/jp/u/222857910/","安☆次回月曜日発送。","やや傷や汚れあり","送料込み(出品者負担)","未定","4~7日で発送",
"30","m34215077565","ハンドメイド","アクセサリー(女性用)","ピアス","650","¥ 650","https://www.mercari.com/jp/u/700007678/","るるる※レジンピアスの販売始めました！","新品、未使用","送料込み(出品者負担)","未定","4~7日で発送",
"30","m10223574697","コスメ・香水・美容","スキンケア/基礎化粧品","トライアルセット/サンプル","2090","¥ 2,090","https://www.mercari.com/jp/u/879108146/","bee☆","新品、未使用","送料込み(出品者負担)","ゆうゆうメルカリ便","2~3日で発送",
"30","m13985231249","レディース","トップス","チュニック","990","¥ 990","https://www.mercari.com/jp/u/709393510/","れお","目立った傷や汚れなし","着払い(購入者負担)","ゆうパック","2~3日で発送",
"30","m73537761943","エンタメ・ホビー","おもちゃ/ぬいぐるみ","キャラクターグッズ","444","¥ 444","https://www.mercari.com/jp/u/424876238/","Merry","新品、未使用","送料込み(出品者負担)","普通郵便(定形、定形外)","2~3日で発送",
"30","m58685405025","コスメ・香水・美容","スキンケア/基礎化粧品","トライアルセット/サンプル","2090","¥ 2,090","https://www.mercari.com/jp/u/879108146/","bee☆","新品、未使用","送料込み(出品者負担)","ゆうゆうメルカリ便","2~3日で発送",
"30","m69189358130","ベビー・キッズ","キッズ靴","スニーカー","1599","¥ 1,599","https://www.mercari.com/jp/u/365004273/","LB","やや傷や汚れあり","送料込み(出品者負担)","らくらくメルカリ便","2~3日で発送",
"30","m74220705980","エンタメ・ホビー","楽器/器材","その他","1500","¥ 1,500","https://www.mercari.com/jp/u/842464050/","るる","新品、未使用","送料込み(出品者負担)","らくらくメルカリ便","2~3日で発送",
"30","m10368572934","コスメ・香水・美容","ベースメーク/化粧品","コンシーラー","1800","¥ 1,800","https://www.mercari.com/jp/u/161135119/","mayu","目立った傷や汚れなし","送料込み(出品者負担)","未定","1~2日で発送",
"30","m18309788348","レディース","トップス","Tシャツ/カットソー(七分/長袖)","2666","¥ 2,666","https://www.mercari.com/jp/u/125198898/","peach","目立った傷や汚れなし","送料込み(出品者負担)","らくらくメルカリ便","2~3日で発送",
"30","m58480502824","メンズ","小物","サングラス/メガネ","6000","¥ 6,000","https://www.mercari.com/jp/u/482348428/","miho","目立った傷や汚れなし","送料込み(出品者負担)","らくらくメルカリ便","2~3日で発送",
"30","m35998903288","その他","文房具/事務用品","ファイル/バインダー","300","¥ 300","https://www.mercari.com/jp/u/307024958/","smH","やや傷や汚れあり","送料込み(出品者負担)","ゆうゆうメルカリ便","4~7日で発送",
"30","m14759080321","ハンドメイド","素材/材料","各種パーツ","399","¥ 399","https://www.mercari.com/jp/u/794307347/","みい☆1/22発送です","やや傷や汚れあり","送料込み(出品者負担)","普通郵便(定形、定形外)","4~7日で発送",
"30","m65958397273","エンタメ・ホビー","トレーディングカード","ドラゴンボール","2999","¥ 2,999","https://www.mercari.com/jp/u/188888080/","ゴジータ","新品、未使用","送料込み(出品者負担)","普通郵便(定形、定形外)","4~7日で発送",
"30","m51403059525","エンタメ・ホビー","本","アート/エンタメ","300","¥ 300","https://www.mercari.com/jp/u/720681781/","とも","やや傷や汚れあり","送料込み(出品者負担)","クリックポスト","2~3日で発送",
"30","m26049614264","レディース","パンツ","クロップドパンツ","800","¥ 800","https://www.mercari.com/jp/u/749221212/","ユーズドセレクト（スタッフ：sm2 ）","目立った傷や汚れなし","送料込み(出品者負担)","らくらくメルカリ便","2~3日で発送",
"31","m14263357918","レディース","靴","ブーツ","2500","¥ 2,500","https://www.mercari.com/jp/u/969698469/","おみ！","やや傷や汚れあり","送料込み(出品者負担)","未定","2~3日で発送",
"31","m74970422308","メンズ","トップス","カーディガン","1200","¥ 1,200","https://www.mercari.com/jp/u/627724208/","まー","目立った傷や汚れなし","送料込み(出品者負担)","普通郵便(定形、定形外)","2~3日で発送",
"31","m63336868052","レディース","パンツ","クロップドパンツ","500","¥ 500","https://www.mercari.com/jp/u/593036999/","ユーズドセレクト（スタッフ：やす）","目立った傷や汚れなし","送料込み(出品者負担)","らくらくメルカリ便","2~3日で発送",
"31","m73262913467","エンタメ・ホビー","タレントグッズ","スポーツ選手","2000","¥ 2,000","https://www.mercari.com/jp/u/167690986/","∞みぃ∞","新品、未使用","送料込み(出品者負担)","普通郵便(定形、定形外)","2~3日で発送",
"31","m49328033793","エンタメ・ホビー","テレビゲーム","携帯用ゲームソフト","4722","¥ 4,722","https://www.mercari.com/jp/u/525110352/","紅葉〜momizi〜","目立った傷や汚れなし","送料込み(出品者負担)","未定","4~7日で発送",
"31","m11466428767","レディース","ジャケット/アウター","テーラードジャケット","1900","¥ 1,900","https://www.mercari.com/jp/u/506115418/","kikiki","目立った傷や汚れなし","送料込み(出品者負担)","らくらくメルカリ便","2~3日で発送",
"31","m134514449","エンタメ・ホビー","タレントグッズ","ミュージシャン","700","¥ 700","https://www.mercari.com/jp/u/494988417/","mi","目立った傷や汚れなし","送料込み(出品者負担)","らくらくメルカリ便","2~3日で発送",
"31","m57017694155","スポーツ・レジャー","アウトドア","ストーブ/コンロ","2800","¥ 2,800","https://www.mercari.com/jp/u/938488808/","ぼくさん","新品、未使用","送料込み(出品者負担)","未定","1~2日で発送",
"31","m34875491269","スポーツ・レジャー","アウトドア","テーブル/チェア","6400","¥ 6,400","https://www.mercari.com/jp/u/938488808/","ぼくさん","新品、未使用","送料込み(出品者負担)","未定","1~2日で発送",
"31","m92233271139","レディース","靴","フラットシューズ/バレエシューズ","4900","¥ 4,900","https://www.mercari.com/jp/u/131110948/","wasabi","目立った傷や汚れなし","送料込み(出品者負担)","ゆうゆうメルカリ便","2~3日で発送",
"31","m97364716281","レディース","ジャケット/アウター","その他","7999","¥ 7,999","https://www.mercari.com/jp/u/636714983/","rosarian","目立った傷や汚れなし","送料込み(出品者負担)","ゆうゆうメルカリ便","2~3日で発送",
"31","m74175265550","レディース","ジャケット/アウター","毛皮/ファーコート","30000","¥ 30,000","https://www.mercari.com/jp/u/636714983/","rosarian","傷や汚れあり","送料込み(出品者負担)","らくらくメルカリ便","2~3日で発送",
"31","m60523454115","自動車・オートバイ","オートバイ","国内オートバイ用パーツ","44444","¥ 44,444","https://www.mercari.com/jp/u/288193378/","mana.","傷や汚れあり","送料込み(出品者負担)","未定","4~7日で発送",
"31","m44199748572","メンズ","トップス","パーカー","8888","¥ 8,888","https://www.mercari.com/jp/u/386905973/","cool","目立った傷や汚れなし","送料込み(出品者負担)","未定","4~7日で発送",
"31","m33682987926","レディース","アクセサリー","ネックレス","800","¥ 800","https://www.mercari.com/jp/u/759085788/","あき","目立った傷や汚れなし","送料込み(出品者負担)","未定","2~3日で発送",
"31","m41907279563","レディース","レッグウェア","ソックス","4222","¥ 4,222","https://www.mercari.com/jp/u/255250146/","らいち","新品、未使用","送料込み(出品者負担)","普通郵便(定形、定形外)","4~7日で発送",
"31","m30725793349","メンズ","ジャケット/アウター","マウンテンパーカー","13333","¥ 13,333","https://www.mercari.com/jp/u/386905973/","cool","目立った傷や汚れなし","送料込み(出品者負担)","未定","4~7日で発送",
"31","m68556030905","レディース","小物","サングラス/メガネ","700","¥ 700","https://www.mercari.com/jp/u/759085788/","あき","新品、未使用","送料込み(出品者負担)","普通郵便(定形、定形外)","2~3日で発送",
"31","m59138628873","エンタメ・ホビー","おもちゃ/ぬいぐるみ","キャラクターグッズ","599","¥ 599","https://www.mercari.com/jp/u/474661838/","プロフ必読","新品、未使用","送料込み(出品者負担)","未定","4~7日で発送",
"31","m42163930561","メンズ","アクセサリー","バングル/リストバンド","650","¥ 650","https://www.mercari.com/jp/u/759085788/","あき","未使用に近い","送料込み(出品者負担)","普通郵便(定形、定形外)","2~3日で発送",
"31","m17733285132","レディース","ジャケット/アウター","ロングコート","780","¥ 780","https://www.mercari.com/jp/u/594685475/","彩","傷や汚れあり","送料込み(出品者負担)","未定","1~2日で発送",
"31","m42473030944","レディース","小物","長財布","2500","¥ 2,500","https://www.mercari.com/jp/u/759085788/","あき","新品、未使用","送料込み(出品者負担)","未定","2~3日で発送",
"31","m98758208008","エンタメ・ホビー","おもちゃ/ぬいぐるみ","キャラクターグッズ","799","¥ 799","https://www.mercari.com/jp/u/636714983/","rosarian","新品、未使用","送料込み(出品者負担)","普通郵便(定形、定形外)","4~7日で発送",
"31","m10186608434","レディース","アクセサリー","ピアス(両耳用)","800","¥ 800","https://www.mercari.com/jp/u/759085788/","あき","未使用に近い","送料込み(出品者負担)","未定","2~3日で発送",
"31","m76328117265","レディース","ジャケット/アウター","ピーコート","780","¥ 780","https://www.mercari.com/jp/u/594685475/","彩","傷や汚れあり","送料込み(出品者負担)","未定","1~2日で発送",
"31","m31051550417","レディース","アクセサリー","リング","400","¥ 400","https://www.mercari.com/jp/u/759085788/","あき","新品、未使用","送料込み(出品者負担)","未定","2~3日で発送",
"31","m28111725227","レディース","ジャケット/アウター","ロングコート","980","¥ 980","https://www.mercari.com/jp/u/594685475/","彩","目立った傷や汚れなし","送料込み(出品者負担)","未定","1~2日で発送",
"31","m11460082962","レディース","トップス","シャツ/ブラウス(七分/長袖)","400","¥ 400","https://www.mercari.com/jp/u/759085788/","あき","未使用に近い","送料込み(出品者負担)","普通郵便(定形、定形外)","2~3日で発送",
"31","m16869652783","レディース","ジャケット/アウター","ダッフルコート","780","¥ 780","https://www.mercari.com/jp/u/594685475/","彩","やや傷や汚れあり","送料込み(出品者負担)","未定","1~2日で発送",
"31","m49627703379","レディース","ワンピース","ひざ丈ワンピース","780","¥ 780","https://www.mercari.com/jp/u/594685475/","彩","目立った傷や汚れなし","送料込み(出品者負担)","未定","1~2日で発送",
"31","m37343023628","コスメ・香水・美容","ベースメーク/化粧品","アイシャドウ","1100","¥ 1,100","https://www.mercari.com/jp/u/716630130/","Me◎プロフ必読","新品、未使用","送料込み(出品者負担)","普通郵便(定形、定形外)","4~7日で発送",
"31","m12390857616","レディース","ワンピース","ひざ丈ワンピース","680","¥ 680","https://www.mercari.com/jp/u/594685475/","彩","目立った傷や汚れなし","送料込み(出品者負担)","未定","1~2日で発送",
"31","m31538535455","エンタメ・ホビー","本","その他","650","¥ 650","https://www.mercari.com/jp/u/614483252/","lecco","やや傷や汚れあり","送料込み(出品者負担)","ゆうゆうメルカリ便","4~7日で発送",
"31","m43479620463","レディース","バッグ","トートバッグ","3800","¥ 3,800","https://www.mercari.com/jp/u/509459360/","なおみん◡̈♥︎即購入大歓迎","やや傷や汚れあり","送料込み(出品者負担)","らくらくメルカリ便","1~2日で発送",
"31","m49502404647","エンタメ・ホビー","フィギュア","特撮","850","¥ 850","https://www.mercari.com/jp/u/473950716/","jewel","未使用に近い","送料込み(出品者負担)","未定","4~7日で発送",
"31","m56819793777","ハンドメイド","素材/材料","各種パーツ","300","¥ 300","https://www.mercari.com/jp/u/479524474/","minochon","新品、未使用","送料込み(出品者負担)","普通郵便(定形、定形外)","4~7日で発送",
"31","m56939758440","レディース","トップス","ニット/セーター","700","¥ 700","https://www.mercari.com/jp/u/970213633/","コメントください★もな","目立った傷や汚れなし","送料込み(出品者負担)","未定","2~3日で発送",
"34","m61874539183","ハンドメイド","アクセサリー(女性用)","イヤリング","450","¥ 450","https://www.mercari.com/jp/u/798783246/","すず","新品、未使用","送料込み(出品者負担)","普通郵便(定形、定形外)","1~2日で発送",
"34","m69316645152","レディース","靴","ハイヒール/パンプス","1500","¥ 1,500","https://www.mercari.com/jp/u/798965127/","sunmimi","やや傷や汚れあり","送料込み(出品者負担)","らくらくメルカリ便","2~3日で発送",
"34","m691224315","ベビー・キッズ","ベビー服(男女兼用)  ~95cm","パンツ","700","¥ 700","https://www.mercari.com/jp/u/378091338/","ma-☆プロフ必読","目立った傷や汚れなし","送料込み(出品者負担)","らくらくメルカリ便","4~7日で発送",
"34","m56567429076","レディース","小物","長財布","7222","¥ 7,222","https://www.mercari.com/jp/u/691981083/","Ku-chan✰✰プロフ必読✰✰","やや傷や汚れあり","送料込み(出品者負担)","未定","4~7日で発送",
"34","m25703965156","自動車・オートバイ","自動車","外国自動車用パーツ","13000","¥ 13,000","https://www.mercari.com/jp/u/873376999/","KAZUMA","やや傷や汚れあり","送料込み(出品者負担)","未定","2~3日で発送",
"34","m85327090932","コスメ・香水・美容","ネイルケア","ネイルカラー","500","¥ 500","https://www.mercari.com/jp/u/859445207/","まろ","目立った傷や汚れなし","送料込み(出品者負担)","らくらくメルカリ便","2~3日で発送",
"34","m59400506999","メンズ","小物","長財布","31000","¥ 31,000","https://www.mercari.com/jp/u/773674521/","和","やや傷や汚れあり","送料込み(出品者負担)","未定","4~7日で発送",
"34","m20869882483","家電・スマホ・カメラ","PC/タブレット","PC周辺機器","980","¥ 980","https://www.mercari.com/jp/u/954669724/","なかやん","新品、未使用","送料込み(出品者負担)","普通郵便(定形、定形外)","1~2日で発送",
"34","m20489915616","エンタメ・ホビー","漫画","同人誌","580","¥ 580","https://www.mercari.com/jp/u/268903547/","RaraD@まとめ買い割引","やや傷や汚れあり","送料込み(出品者負担)","ゆうゆうメルカリ便","2~3日で発送",
"34","m36786495340","レディース","ワンピース","ひざ丈ワンピース","9000","¥ 9,000","https://www.mercari.com/jp/u/604801683/","えり","目立った傷や汚れなし","送料込み(出品者負担)","未定","2~3日で発送",
"34","m31687450427","エンタメ・ホビー","おもちゃ/ぬいぐるみ","キャラクターグッズ","400","¥ 400","https://www.mercari.com/jp/u/823266355/","ユキコ。","新品、未使用","送料込み(出品者負担)","普通郵便(定形、定形外)","4~7日で発送",
"34","m39550670302","エンタメ・ホビー","おもちゃ/ぬいぐるみ","プラモデル","30000","¥ 30,000","https://www.mercari.com/jp/u/742449135/","katu","傷や汚れあり","着払い(購入者負担)","ゆうパック","4~7日で発送",
"34","m46385674892","コスメ・香水・美容","ネイルケア","ネイルアート用品","2200","¥ 2,200","https://www.mercari.com/jp/u/377165290/","mer-akms","新品、未使用","送料込み(出品者負担)","らくらくメルカリ便","2~3日で発送",
"34","m59358335391","エンタメ・ホビー","タレントグッズ","アイドル","400","¥ 400","https://www.mercari.com/jp/u/728466148/","ぴぴを","目立った傷や汚れなし","送料込み(出品者負担)","ゆうゆうメルカリ便","4~7日で発送",
"34","m99730615332","エンタメ・ホビー","おもちゃ/ぬいぐるみ","プラモデル","35000","¥ 35,000","https://www.mercari.com/jp/u/742449135/","katu","やや傷や汚れあり","着払い(購入者負担)","ゆうパック","4~7日で発送",
"34","m87377795561","スポーツ・レジャー","ゴルフ","シューズ(男性用)","11000","¥ 11,000","https://www.mercari.com/jp/u/615967370/","TAI","新品、未使用","送料込み(出品者負担)","未定","4~7日で発送",
"34","m57595552196","エンタメ・ホビー","CD","洋楽","1900","¥ 1,900","https://www.mercari.com/jp/u/732992374/","えんたま@プロフ必読","未使用に近い","送料込み(出品者負担)","らくらくメルカリ便","2~3日で発送",
"34","m46144893490","レディース","ジャケット/アウター","ロングコート","3200","¥ 3,200","https://www.mercari.com/jp/u/124490775/","yd17282905","新品、未使用","送料込み(出品者負担)","らくらくメルカリ便","2~3日で発送",
"34","m71834574281","ハンドメイド","アクセサリー(女性用)","ブレスレット","2300","¥ 2,300","https://www.mercari.com/jp/u/156821924/","☆Smile☆","新品、未使用","送料込み(出品者負担)","らくらくメルカリ便","1~2日で発送",
"36","m98741803499","コスメ・香水・美容","ボディケア","オイル/クリーム","600","¥ 600","https://www.mercari.com/jp/u/843944144/","mogmog","未使用に近い","送料込み(出品者負担)","クリックポスト","1~2日で発送",
"36","m34898385465","メンズ","帽子","キャップ","1600","¥ 1,600","https://www.mercari.com/jp/u/708336865/","たくじパパ","やや傷や汚れあり","送料込み(出品者負担)","ゆうゆうメルカリ便","2~3日で発送",
"36","m17583791250","インテリア・住まい・小物","ラグ/カーペット/マット","カーペット","3500","¥ 3,500","https://www.mercari.com/jp/u/249763515/","みおまな","目立った傷や汚れなし","着払い(購入者負担)","未定","1~2日で発送",
"36","m76722941444","コスメ・香水・美容","スキンケア/基礎化粧品","トライアルセット/サンプル","1300","¥ 1,300","https://www.mercari.com/jp/u/244868360/","とん","新品、未使用","送料込み(出品者負担)","未定","2~3日で発送",
"36","m94844303922","レディース","スカート","ミニスカート","850","¥ 850","https://www.mercari.com/jp/u/877301905/","なの","やや傷や汚れあり","送料込み(出品者負担)","未定","2~3日で発送",
"36","m20832913321","エンタメ・ホビー","フィギュア","コミック/アニメ","2900","¥ 2,900","https://www.mercari.com/jp/u/221925234/","akiko","未使用に近い","送料込み(出品者負担)","ゆうゆうメルカリ便","2~3日で発送",
"36","m60429139162","エンタメ・ホビー","タレントグッズ","ミュージシャン","888","¥ 888","https://www.mercari.com/jp/u/427095574/","スズメ","新品、未使用","送料込み(出品者負担)","ゆうゆうメルカリ便","2~3日で発送",
"36","m50676124813","メンズ","バッグ","ボディーバッグ","850","¥ 850","https://www.mercari.com/jp/u/817559132/","＊ako＊","新品、未使用","送料込み(出品者負担)","普通郵便(定形、定形外)","2~3日で発送",
"36","m29727857272","メンズ","帽子","キャップ","3000","¥ 3,000","https://www.mercari.com/jp/u/660513260/","キジ","未使用に近い","送料込み(出品者負担)","未定","2~3日で発送",
"36","m45580243394","コスメ・香水・美容","香水","香水(男性用)","1500","¥ 1,500","https://www.mercari.com/jp/u/120311563/","ちょこ(プロフィール必読！)","やや傷や汚れあり","送料込み(出品者負担)","らくらくメルカリ便","4~7日で発送",
"36","m20785662563","エンタメ・ホビー","タレントグッズ","アイドル","7777","¥ 7,777","https://www.mercari.com/jp/u/642982742/","てぃす","新品、未使用","送料込み(出品者負担)","普通郵便(定形、定形外)","2~3日で発送",
"36","m21819852391","自動車・オートバイ","自動車","タイヤ/ホイールセット","35000","¥ 35,000","https://www.mercari.com/jp/u/623925121/","まつうら","傷や汚れあり","着払い(購入者負担)","未定","2~3日で発送",
"36","m49086380159","コスメ・香水・美容","ダイエット","その他","300","¥ 300","https://www.mercari.com/jp/u/189383509/","かぼちゃ","新品、未使用","送料込み(出品者負担)","普通郵便(定形、定形外)","2~3日で発送",
"36","m20423165972","レディース","ヘアアクセサリー","ヘアゴム/シュシュ","300","¥ 300","https://www.mercari.com/jp/u/898289473/","SEHKO★即購入ok","新品、未使用","送料込み(出品者負担)","普通郵便(定形、定形外)","2~3日で発送",
"36","m75950665794","家電・スマホ・カメラ","スマホアクセサリー","Android用ケース","500","¥ 500","https://www.mercari.com/jp/u/282963585/","pinku","新品、未使用","送料込み(出品者負担)","普通郵便(定形、定形外)","2~3日で発送",
"36","m20383352424","メンズ","トップス","Tシャツ/カットソー(半袖/袖なし)","1760","¥ 1,760","https://www.mercari.com/jp/u/661370530/","ナポリタン","新品、未使用","送料込み(出品者負担)","普通郵便(定形、定形外)","2~3日で発送",
"36","m49552812387","スポーツ・レジャー","フィッシング","ルアー用品","3333","¥ 3,333","https://www.mercari.com/jp/u/954041757/","ヒカ","新品、未使用","送料込み(出品者負担)","未定","2~3日で発送",
"36","m23671229051","エンタメ・ホビー","コミック/アニメグッズ","カード","700","¥ 700","https://www.mercari.com/jp/u/881798000/","カイト","未使用に近い","送料込み(出品者負担)","普通郵便(定形、定形外)","1~2日で発送",
"36","m98339033641","エンタメ・ホビー","おもちゃ/ぬいぐるみ","キャラクターグッズ","650","¥ 650","https://www.mercari.com/jp/u/458918496/","たーさん","新品、未使用","送料込み(出品者負担)","普通郵便(定形、定形外)","2~3日で発送",
"36","m38355390757","レディース","パンツ","デニム/ジーンズ","2000","¥ 2,000","https://www.mercari.com/jp/u/574081603/","SUN☆プロフィール確認お願いします","新品、未使用","送料込み(出品者負担)","未定","1~2日で発送",
"36","m38216272650","メンズ","帽子","ハンチング/ベレー帽","5600","¥ 5,600","https://www.mercari.com/jp/u/157300803/","KAZU","未使用に近い","送料込み(出品者負担)","ゆうゆうメルカリ便","4~7日で発送",
"36","m67309913529","レディース","アクセサリー","リング","300","¥ 300","https://www.mercari.com/jp/u/688202657/","YUKI","新品、未使用","送料込み(出品者負担)","普通郵便(定形、定形外)","4~7日で発送",
"36","m42833538386","レディース","パンツ","サルエルパンツ","1500","¥ 1,500","https://www.mercari.com/jp/u/210366768/","空海花✾…ハンドメイド少しずつ出品♪","目立った傷や汚れなし","送料込み(出品者負担)","ゆうゆうメルカリ便","2~3日で発送",
"36","m45445105405","インテリア・住まい・小物","寝具","シーツ/カバー","2980","¥ 2,980","https://www.mercari.com/jp/u/513049727/","小泉家具","新品、未使用","送料込み(出品者負担)","ゆうメール","4~7日で発送",
"36","m64739360702","レディース","バッグ","ショルダーバッグ","500","¥ 500","https://www.mercari.com/jp/u/287903588/","★IWAIWA☆","新品、未使用","送料込み(出品者負担)","ゆうゆうメルカリ便","2~3日で発送",
"36","m72841745840","家電・スマホ・カメラ","スマートフォン/携帯電話","バッテリー/充電器","1350","¥ 1,350","https://www.mercari.com/jp/u/708336865/","たくじパパ","未使用に近い","送料込み(出品者負担)","らくらくメルカリ便","2~3日で発送",
"36","m27674261026","レディース","スカート","ひざ丈スカート","850","¥ 850","https://www.mercari.com/jp/u/130749038/","ユーズドセレクト（スタッフ:tmsk ）","目立った傷や汚れなし","送料込み(出品者負担)","らくらくメルカリ便","4~7日で発送",
"36","m63812397530","レディース","ジャケット/アウター","ロングコート","2888","¥ 2,888","https://www.mercari.com/jp/u/205383083/","♡R＊K♡","目立った傷や汚れなし","送料込み(出品者負担)","未定","4~7日で発送",
"36","m49013351307","インテリア・住まい・小物","寝具","シーツ/カバー","2980","¥ 2,980","https://www.mercari.com/jp/u/811770651/","小泉家具","新品、未使用","送料込み(出品者負担)","ゆうメール","4~7日で発送",
"36","m92657852047","エンタメ・ホビー","おもちゃ/ぬいぐるみ","キャラクターグッズ","2500","¥ 2,500","https://www.mercari.com/jp/u/458918496/","たーさん","新品、未使用","送料込み(出品者負担)","ゆうゆうメルカリ便","2~3日で発送",
"36","m49078927366","レディース","トップス","カーディガン/ボレロ","790","¥ 790","https://www.mercari.com/jp/u/485969843/","ikua*","やや傷や汚れあり","送料込み(出品者負担)","らくらくメルカリ便","2~3日で発送",
"36","m17651542394","インテリア・住まい・小物","寝具","シーツ/カバー","2980","¥ 2,980","https://www.mercari.com/jp/u/811770651/","小泉家具","新品、未使用","送料込み(出品者負担)","ゆうメール","4~7日で発送",
"36","m48680626843","エンタメ・ホビー","おもちゃ/ぬいぐるみ","プラモデル","1111","¥ 1,111","https://www.mercari.com/jp/u/436715496/","あくび娘","やや傷や汚れあり","送料込み(出品者負担)","未定","4~7日で発送",
"36","m72902253993","ベビー・キッズ","おもちゃ","知育玩具","3699","¥ 3,699","https://www.mercari.com/jp/u/719901320/","umemama","やや傷や汚れあり","送料込み(出品者負担)","ゆうゆうメルカリ便","2~3日で発送",
"36","m45159429158","レディース","ジャケット/アウター","テーラードジャケット","4500","¥ 4,500","https://www.mercari.com/jp/u/232504002/","6610","目立った傷や汚れなし","送料込み(出品者負担)","らくらくメルカリ便","4~7日で発送",
"36","m84316211174","スポーツ・レジャー","トレーニング/エクササイズ","その他","4990","¥ 4,990","https://www.mercari.com/jp/u/572803113/","EARTH","新品、未使用","送料込み(出品者負担)","未定","1~2日で発送",
"41","m40735065689","メンズ","パンツ","ショートパンツ","1300","¥ 1,300","https://www.mercari.com/jp/u/400183772/","ゆうさき","目立った傷や汚れなし","送料込み(出品者負担)","ゆうゆうメルカリ便","2~3日で発送",
"41","m77952821197","エンタメ・ホビー","漫画","同人誌","1600","¥ 1,600","https://www.mercari.com/jp/u/918800926/","hubuhubu☆プロフご確認を☆","やや傷や汚れあり","送料込み(出品者負担)","レターパック","2~3日で発送",
"41","m59475304908","インテリア・住まい・小物","インテリア小物","鏡(壁掛け式)","12000","¥ 12,000","https://www.mercari.com/jp/u/699504155/","ゆずこ","目立った傷や汚れなし","送料込み(出品者負担)","らくらくメルカリ便","2~3日で発送",
"41","m61862122106","エンタメ・ホビー","CD","アニメ","300","¥ 300","https://www.mercari.com/jp/u/343343852/","淡 雪 .","やや傷や汚れあり","送料込み(出品者負担)","らくらくメルカリ便","2~3日で発送",
"41","m78161641316","エンタメ・ホビー","CD","アニメ","333","¥ 333","https://www.mercari.com/jp/u/343343852/","淡 雪 .","新品、未使用","送料込み(出品者負担)","らくらくメルカリ便","2~3日で発送",
"41","m75111283933","レディース","トップス","パーカー","6500","¥ 6,500","https://www.mercari.com/jp/u/441460821/","S'U* **らぶ","未使用に近い","送料込み(出品者負担)","レターパック","4~7日で発送",
"41","m27627492552","エンタメ・ホビー","CD","アニメ","300","¥ 300","https://www.mercari.com/jp/u/343343852/","淡 雪 .","やや傷や汚れあり","送料込み(出品者負担)","らくらくメルカリ便","2~3日で発送",
"41","m74990943667","メンズ","バッグ","ウエストポーチ","4000","¥ 4,000","https://www.mercari.com/jp/u/680741035/","ミニミニ","傷や汚れあり","送料込み(出品者負担)","未定","2~3日で発送",
"41","m10645657150","エンタメ・ホビー","CD","アニメ","300","¥ 300","https://www.mercari.com/jp/u/343343852/","淡 雪 .","やや傷や汚れあり","送料込み(出品者負担)","らくらくメルカリ便","2~3日で発送",
"41","m48822325627","レディース","トップス","シャツ/ブラウス(七分/長袖)","2900","¥ 2,900","https://www.mercari.com/jp/u/397011994/","断捨離中  moru","新品、未使用","送料込み(出品者負担)","ゆうゆうメルカリ便","1~2日で発送",
"41","m24518604644","エンタメ・ホビー","CD","アニメ","300","¥ 300","https://www.mercari.com/jp/u/343343852/","淡 雪 .","やや傷や汚れあり","送料込み(出品者負担)","らくらくメルカリ便","2~3日で発送",
"41","m17338546885","レディース","トップス","Tシャツ/カットソー(半袖/袖なし)","2700","¥ 2,700","https://www.mercari.com/jp/u/397011994/","断捨離中  moru","未使用に近い","送料込み(出品者負担)","ゆうゆうメルカリ便","1~2日で発送",
"41","m33791602534","エンタメ・ホビー","DVD/ブルーレイ","外国映画","1400","¥ 1,400","https://www.mercari.com/jp/u/171273983/","S","やや傷や汚れあり","送料込み(出品者負担)","普通郵便(定形、定形外)","2~3日で発送",
"41","m91707403119","レディース","トップス","トレーナー/スウェット","1700","¥ 1,700","https://www.mercari.com/jp/u/573777455/","ねここ（スタッフ: ）","傷や汚れあり","送料込み(出品者負担)","らくらくメルカリ便","2~3日で発送",
"41","m26709548810","レディース","トップス","トレーナー/スウェット","1300","¥ 1,300","https://www.mercari.com/jp/u/573777455/","ねここ（スタッフ: ）","傷や汚れあり","送料込み(出品者負担)","らくらくメルカリ便","2~3日で発送",
"41","m69314011506","エンタメ・ホビー","CD","K-POP/アジア","3000","¥ 3,000","https://www.mercari.com/jp/u/127608409/","A","やや傷や汚れあり","送料込み(出品者負担)","普通郵便(定形、定形外)","4~7日で発送",
"43","m82105061780","自動車・オートバイ","自動車","国内自動車用パーツ","35000","¥ 35,000","https://www.mercari.com/jp/u/914221642/","コア","やや傷や汚れあり","送料込み(出品者負担)","未定","1~2日で発送",
"43","m88941056558","エンタメ・ホビー","トレーディングカード","ポケモンカードゲーム","1500","¥ 1,500","https://www.mercari.com/jp/u/463831886/","れん  金・土・日限定出品","やや傷や汚れあり","送料込み(出品者負担)","らくらくメルカリ便","2~3日で発送",
"43","m11689659139","家電・スマホ・カメラ","スマホアクセサリー","iPhone用ケース","330","¥ 330","https://www.mercari.com/jp/u/983959827/","月あかり","やや傷や汚れあり","送料込み(出品者負担)","ゆうゆうメルカリ便","4~7日で発送",
"43","m65226022278","エンタメ・ホビー","DVD/ブルーレイ","アニメ","8600","¥ 8,600","https://www.mercari.com/jp/u/654564465/","あいかっぴ","新品、未使用","送料込み(出品者負担)","ゆうゆうメルカリ便","2~3日で発送",
"43","m43121537551","エンタメ・ホビー","タレントグッズ","アイドル","333","¥ 333","https://www.mercari.com/jp/u/511425854/","あきな","やや傷や汚れあり","送料込み(出品者負担)","らくらくメルカリ便","4~7日で発送",
"43","m49151058662","レディース","バッグ","ショルダーバッグ","36800","¥ 36,800","https://www.mercari.com/jp/u/745865805/","激安セール中✨HiM 正規品","目立った傷や汚れなし","送料込み(出品者負担)","らくらくメルカリ便","1~2日で発送",
"43","m45388051344","エンタメ・ホビー","トレーディングカード","遊戯王","2666","¥ 2,666","https://www.mercari.com/jp/u/798127274/","shuhei yoshida","やや傷や汚れあり","送料込み(出品者負担)","普通郵便(定形、定形外)","2~3日で発送",
"43","m59741366611","エンタメ・ホビー","トレーディングカード","遊戯王","5222","¥ 5,222","https://www.mercari.com/jp/u/798127274/","shuhei yoshida","目立った傷や汚れなし","送料込み(出品者負担)","普通郵便(定形、定形外)","2~3日で発送",
"43","m67071168156","ベビー・キッズ","おもちゃ","その他","1999","¥ 1,999","https://www.mercari.com/jp/u/457248827/","Maa♡質問,購入前必ずプロフ見て下さい","新品、未使用","送料込み(出品者負担)","ゆうゆうメルカリ便","4~7日で発送",
"43","m29632083729","メンズ","バッグ","ビジネスバッグ","20700","¥ 20,700","https://www.mercari.com/jp/u/697290130/","Mary","新品、未使用","送料込み(出品者負担)","未定","2~3日で発送",
"43","m84272275167","レディース","トップス","ベスト/ジレ","8888","¥ 8,888","https://www.mercari.com/jp/u/335810850/","♪えーす♪","新品、未使用","送料込み(出品者負担)","らくらくメルカリ便","4~7日で発送",
"43","m38451367648","エンタメ・ホビー","おもちゃ/ぬいぐるみ","キャラクターグッズ","777","¥ 777","https://www.mercari.com/jp/u/282364107/","ノアール","未使用に近い","送料込み(出品者負担)","普通郵便(定形、定形外)","1~2日で発送",
"43","m57458150170","レディース","ジャケット/アウター","ピーコート","6000","¥ 6,000","https://www.mercari.com/jp/u/262760422/","Coco","やや傷や汚れあり","送料込み(出品者負担)","らくらくメルカリ便","2~3日で発送",
"43","m66281366831","レディース","時計","腕時計(アナログ)","1480","¥ 1,480","https://www.mercari.com/jp/u/429878601/","ムラ_サキ","やや傷や汚れあり","送料込み(出品者負担)","ゆうゆうメルカリ便","2~3日で発送",
"43","m27391564601","ベビー・キッズ","おもちゃ","その他","1999","¥ 1,999","https://www.mercari.com/jp/u/457248827/","Maa♡質問,購入前必ずプロフ見て下さい","新品、未使用","送料込み(出品者負担)","ゆうゆうメルカリ便","4~7日で発送",
"45","m98931656006","レディース","ルームウェア/パジャマ","ルームウェア","3000","¥ 3,000","https://www.mercari.com/jp/u/608206809/","ユパちゃん","やや傷や汚れあり","送料込み(出品者負担)","らくらくメルカリ便","4~7日で発送",
"45","m89628595134","レディース","トップス","ニット/セーター","1200","¥ 1,200","https://www.mercari.com/jp/u/420922924/","ゆっぴー","やや傷や汚れあり","送料込み(出品者負担)","普通郵便(定形、定形外)","4~7日で発送",
"45","m87772986161","その他","まとめ売り","","1700","¥ 1,700","https://www.mercari.com/jp/u/296542866/","☆るんるん☆","やや傷や汚れあり","送料込み(出品者負担)","ゆうゆうメルカリ便","4~7日で発送",
"45","m38608596217","家電・スマホ・カメラ","オーディオ機器","イヤフォン","555","¥ 555","https://www.mercari.com/jp/u/606730079/","しゅん","目立った傷や汚れなし","送料込み(出品者負担)","ゆうゆうメルカリ便","2~3日で発送",
"45","m70076927409","レディース","靴","ハイヒール/パンプス","18000","¥ 18,000","https://www.mercari.com/jp/u/591335490/","kei","やや傷や汚れあり","送料込み(出品者負担)","らくらくメルカリ便","1~2日で発送",
"45","m96895150651","レディース","トップス","キャミソール","900","¥ 900","https://www.mercari.com/jp/u/420922924/","ゆっぴー","やや傷や汚れあり","送料込み(出品者負担)","普通郵便(定形、定形外)","4~7日で発送",
"45","m84388644165","コスメ・香水・美容","スキンケア/基礎化粧品","化粧水/ローション","900","¥ 900","https://www.mercari.com/jp/u/481572254/","sariyy","新品、未使用","送料込み(出品者負担)","未定","2~3日で発送",
"45","m53001145251","レディース","ワンピース","ミニワンピース","1999","¥ 1,999","https://www.mercari.com/jp/u/616089319/","フォーチュン♡","未使用に近い","送料込み(出品者負担)","未定","2~3日で発送",
"45","m42256672232","メンズ","靴","スニーカー","13000","¥ 13,000","https://www.mercari.com/jp/u/367811429/","hi®️oto sugita","新品、未使用","着払い(購入者負担)","未定","2~3日で発送",
"45","m42451167354","エンタメ・ホビー","本","ビジネス/経済","800","¥ 800","https://www.mercari.com/jp/u/109296121/","HERO★ヒロ","未使用に近い","送料込み(出品者負担)","クリックポスト","4~7日で発送",
"45","m80473979854","メンズ","ジャケット/アウター","テーラードジャケット","4300","¥ 4,300","https://www.mercari.com/jp/u/564128726/","Tetsuro Tadokoro","目立った傷や汚れなし","送料込み(出品者負担)","普通郵便(定形、定形外)","2~3日で発送",
"45","m62867994822","レディース","トップス","カーディガン/ボレロ","1900","¥ 1,900","https://www.mercari.com/jp/u/328515652/","ゆみりゅう","未使用に近い","送料込み(出品者負担)","未定","2~3日で発送",
"45","m28526680817","その他","その他","","395","¥ 395","https://www.mercari.com/jp/u/438115177/","心（プロフ必読）","新品、未使用","送料込み(出品者負担)","未定","2~3日で発送",
"45","m81816627501","レディース","トップス","シャツ/ブラウス(半袖/袖なし)","555","¥ 555","https://www.mercari.com/jp/u/503850808/","ほーこ＊","目立った傷や汚れなし","送料込み(出品者負担)","ゆうゆうメルカリ便","4~7日で発送",
"45","m77802129782","メンズ","トップス","ニット/セーター","1000","¥ 1,000","https://www.mercari.com/jp/u/564128726/","Tetsuro Tadokoro","未使用に近い","送料込み(出品者負担)","普通郵便(定形、定形外)","2~3日で発送",
"45","m36695654620","メンズ","トップス","シャツ","1000","¥ 1,000","https://www.mercari.com/jp/u/564128726/","Tetsuro Tadokoro","目立った傷や汚れなし","送料込み(出品者負担)","普通郵便(定形、定形外)","2~3日で発送",
